username,degree_centrality,in_degree_centrality,out_degree_centrality,closeness_centrality,betweenness_centrality,pagerank,load_centrality,hits_hub,hits_auth,clustering,triangles,eigenvector_centrality,square_clustering,community
sarah_audet_,0.05697151424287856,0.026986506746626684,0.029985007496251874,0.2776672888045773,0.00016228824365256217,0.0010853456840191344,0.0002017789782025988,3.3856356771207653e-06,3.3528672649513264e-06,0.5736842105263158,109,4.161716092012156e-05,0.3159078735940011,0
noah.citron,0.09895052473763118,0.04947526236881559,0.04947526236881559,0.33838003278153667,3.8489920783143245e-05,0.0011121202582112558,4.6113860195143146e-05,0.0038615246390702788,0.0038359487857725695,0.8939393939393939,472,0.047814065677876924,0.49704693814112527,1
jo.zhx,0.019490254872563718,0.008995502248875561,0.010494752623688156,0.299026311020314,1.3814170581271993e-05,0.0004264947466266597,1.4994925089747084e-05,0.0005981908281242364,0.0004581871695936702,0.6666666666666666,14,0.005728823527102127,0.2709705753184014,1
tjangz27,0.14392803598200898,0.0704647676161919,0.07346326836581708,0.34774944795972623,0.0014243473065491943,0.0017729559710923813,0.0015273483414705265,0.0013102566051267906,0.001294436001386124,0.4931972789115646,580,0.016023562861717227,0.22597190293742017,2
sambmccann,0.08845577211394302,0.041979010494752625,0.046476761619190406,0.33422388089476246,0.00042550565472208965,0.0012050104461993328,0.0005114247834304607,0.0004465839569484445,0.0004200674428794648,0.6693548387096774,332,0.0054248830991678295,0.3247563352826511,2
celina_zhou,0.13343328335832083,0.06746626686656672,0.06596701649175413,0.34701034180040696,0.001347515348458877,0.001584627076579901,0.0014290751147339735,0.0035298208068208904,0.0035495896028296765,0.4131313131313131,409,0.04377812304948129,0.2352641444195738,1
izzy.canning,0.09895052473763118,0.04947526236881559,0.04947526236881559,0.3335410946212287,0.007287992606647171,0.0013478036385574546,0.00850193122803319,3.290483202906173e-05,2.7932855918318093e-05,0.6417112299465241,360,0.0004131601527679897,0.3382815448484086,9
zqiufeng,0.08695652173913043,0.047976011994003,0.038980509745127435,0.32588496171076137,0.0003215371877935236,0.0012979101822577978,0.00036588599722097836,0.0005137471438970561,0.0005743563401829384,0.6136363636363636,324,0.0073464482633269585,0.3021832181544274,2
msaporito1,0.22938530734632684,0.11544227886056971,0.11394302848575712,0.3864340019339443,0.0031369078055633447,0.002456978984686755,0.002884325802625887,0.007174852940569363,0.007265480623463036,0.5290498974709501,1548,0.08978480015020505,0.31795974440700786,1
ragnarwolf_,0.0074962518740629685,0.0029985007496251873,0.004497751124437781,0.24304929782968585,4.500607698991026e-06,0.000447874032512543,2.830701693072155e-06,2.599382975258443e-07,1.6584044401396408e-07,0.6666666666666666,2,2.057726760518096e-06,0.17880794701986755,0
abbie.27,0.1199400299850075,0.05847076461769115,0.06146926536731634,0.3608140681040695,0.0012568150490008968,0.0016540141173011997,0.0012610407162110323,0.0011317361770597546,0.0010841210529810145,0.5121951219512195,420,0.013501226310233016,0.20722679505099134,4
the_dino_den,0.12893553223388304,0.06146926536731634,0.06746626686656672,0.3693854430250938,0.0002017029681403454,0.0013085791077762125,0.00016980962574530755,0.005321186990750874,0.004821590281689551,0.8251207729468599,854,0.05912954165568985,0.4697931748509678,1
reed.mk,0.050974512743628186,0.025487256371814093,0.025487256371814093,0.3439038774451637,0.0005040107330427339,0.0008354751527011905,0.0005392969768774123,0.0006026029290036597,0.0005338216870896554,0.5816993464052288,89,0.006152232967726979,0.1535344439441693,4
thecranequeen.everyone,0.01649175412293853,0.0074962518740629685,0.008995502248875561,0.3009555130268967,1.7804726796938227e-06,0.0003896841784945751,1.9492244167949793e-06,0.00017720501680322043,0.0001616363163092822,0.8,12,0.0018888606233966778,0.20633299284984677,4
lynnviona,0.029985007496251874,0.01649175412293853,0.013493253373313342,0.30631963567934606,3.071802328800179e-05,0.0005813037349584844,3.714243556508676e-05,0.0002480896280534897,0.0002765588390322992,0.6545454545454545,36,0.003347787106989279,0.23415326395458846,2
messejangold,0.13793103448275862,0.06746626686656672,0.0704647676161919,0.36423506038391845,0.00017960371591760848,0.0014137395535089876,0.00018272317029819995,0.005521133566903828,0.005314050772624692,0.818686401480111,885,0.06532937562554092,0.4843110504774898,1
austingartside,0.15142428785607195,0.07496251874062969,0.07646176911544228,0.364845510205791,0.0001930880559909741,0.0015352556818991588,0.0001969311219948834,0.00582901887961839,0.005817057215633705,0.8282352941176471,1056,0.07132992109216374,0.48533989669636357,1
serenackaplan,0.020989505247376312,0.010494752623688156,0.010494752623688156,0.31024867613699086,9.294877613496959e-05,0.0009555060786958184,0.0001359296126742447,6.934290849212442e-06,7.018462062596842e-06,0.7619047619047619,16,8.713153541395559e-05,0.16155419222903886,7
silliestgooseofthemall,0.07646176911544228,0.037481259370314844,0.038980509745127435,0.2781403165538185,0.0004312743377490241,0.0013478244975218194,0.00036430982016170705,3.4741190515431316e-06,3.558318546004438e-06,0.6892307692307692,224,4.440550305272467e-05,0.44530417717970283,0
santiago_orozco_,0.07796101949025487,0.04047976011994003,0.037481259370314844,0.35111476519804613,0.0008205410393760605,0.0011495069874591062,0.0008653684418180572,0.0012075412829391729,0.0013105095836069473,0.4301994301994302,151,0.016048077188770323,0.15294661733615222,4
rachels_letters,0.05697151424287856,0.029985007496251874,0.026986506746626684,0.409193899290956,0.011654322523420347,0.0011027934352185681,0.01585991900290409,0.0007317224819131364,0.00079005333608012,0.28421052631578947,54,0.009400246271303666,0.08993190387753953,4
vidsta22,0.2638680659670165,0.13193403298350825,0.13193403298350825,0.38850295256892675,0.0012478224340641564,0.002595082125965489,0.0012444517007767842,0.00916738676240443,0.009302486206651576,0.6299795709908069,2467,0.11465089503227638,0.4043557664247319,1
phlipp_phlopp,0.1454272863568216,0.07346326836581708,0.07196401799100449,0.37468357043509226,0.002303481096118308,0.0019888550407101174,0.0024641105899729163,0.0015218847119521119,0.0015259137275945777,0.4370748299319728,514,0.01898767272667181,0.18147806004618938,4
zoesophie___,0.0704647676161919,0.034482758620689655,0.035982008995502246,0.30863585220622203,0.00023808707750806968,0.0010170322465184608,0.0002303363090429388,1.8320273536965255e-05,1.7918618401133913e-05,0.7753623188405797,214,0.00023560163954799136,0.429003271356992,9
jordynkapis,0.06146926536731634,0.029985007496251874,0.031484257871064465,0.2781403165538185,5.5413897426304486e-05,0.0011012786346926637,7.761121279308399e-05,1.694912068178131e-06,3.2037344758428077e-06,0.7628458498023716,193,4.181111784771434e-05,0.5109952072173668,0
sophi_cudworth,0.15442278860569714,0.07346326836581708,0.08095952023988005,0.2841921076015517,0.001339756005363094,0.002401122946464063,0.0012647379698527033,9.26658794922944e-06,7.344960942651044e-06,0.560942760942761,833,0.00011237821315587182,0.3978244358968077,0
lukejacobsmyers,0.03298350824587706,0.01649175412293853,0.01649175412293853,0.30907404792634446,0.00012140676629348048,0.0014115248583481453,0.00023578623909215187,7.167881429022094e-06,7.492932458393034e-06,0.7636363636363637,42,8.966705535308119e-05,0.34557235421166305,7
bazefferton,0.29235382308845576,0.15142428785607195,0.1409295352323838,0.39106195405291366,0.001931199244564591,0.0029959413840799985,0.0017346877013614554,0.009494594302497274,0.010099821220225975,0.5544554455445545,2856,0.12482180205210884,0.3698089190666417,1
oscarli101,0.019490254872563718,0.004497751124437781,0.014992503748125937,0.2629120222497447,3.2755926235877073e-05,0.00034633073187623914,4.267603969692034e-05,8.463128001603484e-05,2.0086117091192574e-05,0.37777777777777777,17,0.00024119379112433751,0.23837667454688732,2
maddieckhardt,0.10944527736131934,0.05697151424287856,0.05247376311844078,0.3337115295188379,0.00016236075213381618,0.001245375623746763,0.00018053975546251876,0.00382032919246177,0.003992188728137427,0.7422402159244265,550,0.04916745158815518,0.40741443064378496,1
goldenglobegurl,0.22338830584707645,0.11244377811094453,0.11094452773613193,0.35416131413685786,0.003793707243967794,0.0029019919053193464,0.003312945875608556,5.855886800720415e-05,5.937850980229401e-05,0.527927927927928,1465,0.0007727996926604988,0.3310512763343694,9
arturitodelreinito,0.0029985007496251873,0.0014992503748125937,0.0014992503748125937,0.2822270800641166,0.0,0.000267006863813134,0.0,8.074534840570045e-06,8.406714756236174e-06,0.0,0,0.0001015428425265299,0.0,2
haileyprevett,0.21889055472263869,0.11244377811094453,0.10644677661169415,0.36221489920597105,0.0034018714244327957,0.0025056877832588154,0.0035163138622007735,0.005623792685807966,0.006066450830331299,0.41148325358851673,1204,0.07438507965157441,0.2528320841760188,1
brodgnarly,0.1679160419790105,0.08245877061469264,0.08545727136431784,0.35187147805407637,0.00018597281475273627,0.0016705817850657227,0.000222429713670668,0.006340251127957396,0.006178341169795678,0.7295825771324864,1206,0.0755324842633875,0.4544301097614998,1
thedistantheadware,0.02848575712143928,0.013493253373313342,0.014992503748125937,0.2659093905815822,0.001568211671555634,0.001240696468469053,0.001580500265801233,1.346188904677408e-05,1.2479521015492809e-05,0.7727272727272727,51,0.00016898722916197065,0.44694533762057875,8
ireneklim,0.21889055472263869,0.11094452773613193,0.10794602698650674,0.3357704181328359,0.0024882033217392533,0.0028636529970225586,0.0024186645434670865,3.658422312440125e-05,3.972492450249564e-05,0.4746390225842281,1282,0.0005269844713390694,0.3,9
shaynasiersma,0.1184407796101949,0.05847076461769115,0.05997001499250375,0.35745673961049035,0.0016156035042231025,0.0016280518740966787,0.0015410525687043458,0.0012962673049233763,0.0012741322616066318,0.5038461538461538,393,0.015767258808604703,0.208847588978186,4
alliedoats,0.06896551724137931,0.034482758620689655,0.034482758620689655,0.32817761973284715,0.00012902629376214877,0.0009783429853349383,0.00014373441611139875,0.00041222411052194206,0.0004092290748675321,0.6600790513833992,167,0.005124512882797883,0.3015888300433317,2
_sheenama_,0.10344827586206896,0.050974512743628186,0.05247376311844078,0.33050276481192603,0.0008422738177374729,0.0014270746674039053,0.0009117661467997948,0.0006508691096626393,0.0006585575027383038,0.42016806722689076,250,0.00798145119752761,0.2221622108200558,2
aurorarosss,0.07346326836581708,0.037481259370314844,0.035982008995502246,0.34812018297887304,0.000353293833055882,0.0010352458763943783,0.00041472642990482677,0.001383709463136407,0.0012835327567053015,0.4630541871921182,188,0.01586602977976125,0.1817951446961634,4
jessicadilustro,0.15592203898050974,0.07646176911544228,0.07946026986506746,0.40016756327718495,0.009109703739151247,0.0019758728623829017,0.008177481712178865,0.0036248926365310997,0.003344299069982313,0.3556953179594689,509,0.0414572814207331,0.1944934152765584,4
kaholi.k,0.13343328335832083,0.06596701649175413,0.06746626686656672,0.3013721565613133,0.0018022066166280683,0.0018552568648950423,0.0017470422326380988,2.226909520338476e-05,1.986034411795911e-05,0.502020202020202,497,0.0002650838279834264,0.29879322203464015,9
baileylbogle,0.04947526236881559,0.02848575712143928,0.020989505247376312,0.3660725690966176,0.000893345194117141,0.0009382973461901795,0.0009720972459038059,0.0005468318924838594,0.0007892881287801769,0.42105263157894735,72,0.009598903633464549,0.12843450479233226,4
tylermeathe,0.08095952023988005,0.037481259370314844,0.043478260869565216,0.38102302407722627,0.0035833220849644507,0.0010849499882250827,0.003319575184402679,0.0015272406912665644,0.0011706549636996324,0.4881720430107527,227,0.014208360285857454,0.20001829784314173,4
nicoleredifer,0.24887556221889054,0.12593703148425786,0.12293853073463268,0.33542550758519046,0.0036236719209069177,0.0032894468337554745,0.0034813542047387423,4.186553908365842e-05,4.238012073135087e-05,0.43529411764705883,1554,0.0005656660689723225,0.28588762066336665,9
ruopuj22,0.3748125937031484,0.1874062968515742,0.1874062968515742,0.39918915847699626,0.006818498883179457,0.0037234828422687684,0.0064149988915900855,0.011121632240194305,0.011157428625995208,0.43961904761904763,3462,0.13757301428016783,0.3006215718522546,1
daniekristine88,0.01649175412293853,0.0074962518740629685,0.008995502248875561,0.3043212783170391,0.0005300801927543359,0.0008009522183852936,0.0005185796896674725,5.257130915637403e-06,4.975339618797306e-06,0.9333333333333333,14,6.162917104870977e-05,0.2611683848797251,7
rachiepalmer,0.14692653673163417,0.07496251874062969,0.07196401799100449,0.2818616587260966,0.0006709956401831792,0.0025593020428232457,0.0005614798497023194,5.517203948313257e-06,5.615304349215512e-06,0.6342857142857142,777,7.263474091767774e-05,0.4440855051585396,0
mafeg95,0.1889055472263868,0.095952023988006,0.09295352323838081,0.3206055293413676,0.0064485455132941485,0.0026911667199458643,0.006528474845726589,2.94967099094127e-05,3.135972292806862e-05,0.5193452380952381,1047,0.00041326833342364525,0.31703147825981537,9
mollsprobs,0.1874062968515742,0.095952023988006,0.0914542728635682,0.4066459920724569,0.022776615065312766,0.0024322369096661032,0.02140397847290781,0.0012491514665251096,0.0013555688150608829,0.3404426559356137,846,0.016822757668360857,0.17128414552155183,2
dcamer98,0.019490254872563718,0.010494752623688156,0.008995502248875561,0.27474693448395704,0.00010302804749790774,0.0005385410976505875,0.00015915939847554068,2.1186356129021137e-06,2.301442814372002e-06,0.6071428571428571,17,2.792189648709312e-05,0.29466357308584684,0
hongyi_zhang_,0.17991004497751123,0.08845577211394302,0.0914542728635682,0.35416131413685786,0.0028048052720973738,0.00216763223942115,0.002772019792318098,0.0017469304037775679,0.0016630295217883273,0.4108937070333157,777,0.020767509310682067,0.1877433489827856,2
kenzfitzpatrick,0.10794602698650674,0.05397301349325337,0.05397301349325337,0.3606148333894897,0.000590178968496342,0.0014889254930711628,0.0006426140291581697,0.0012931531871495968,0.0012814314938705456,0.5476190476190477,345,0.01595196705561507,0.21440329218106996,4
michelle_kraidman,0.13493253373313344,0.06746626686656672,0.06746626686656672,0.3147341991654775,0.00035362104493698597,0.0017570466320694796,0.0003581092703310436,2.6661979398785452e-05,2.683605694932615e-05,0.6353535353535353,629,0.00035547844847337367,0.3679969023014932,9
kristieskim,0.29535232383808097,0.14842578710644677,0.14692653673163417,0.4265665991302193,0.055630547121635336,0.003953569179086808,0.057089205553160986,0.0032716465268827054,0.003304531037067912,0.2698989898989899,1336,0.040948254409982676,0.13826417009887054,2
samuel_gerren,0.025487256371814093,0.014992503748125937,0.010494752623688156,0.30545999217416553,1.2183295541616383e-06,0.0012571706032053552,1.4471528714407275e-06,5.16363218690597e-06,5.743184199630345e-06,0.9111111111111111,41,6.792512404609398e-05,0.42496493688639553,7
yujiasun31,0.0,0.0,0.0,0.0,0.0,0.00022694046507459848,0.0,-0.0,-0.0,0.0,0,2.3476571375243007e-59,0.0,10
lexxpino,0.07796101949025487,0.038980509745127435,0.038980509745127435,0.3361160387382222,0.0004283613287675133,0.0011056611367255818,0.0005280359811360463,0.0012185375689547674,0.0011956252264875655,0.5107692307692308,166,0.015102090495651248,0.1809763389113712,4
matt.feder,0.05397301349325337,0.02848575712143928,0.025487256371814093,0.3038964463789511,0.00021129036649329537,0.0009037476869415038,0.00023363737857473775,0.00040072794520766255,0.0004459299202799766,0.3742690058479532,64,0.0053743369468292135,0.1377701609064077,4
sajkader,0.191904047976012,0.095952023988006,0.095952023988006,0.3816910948383202,0.001988631355079874,0.001987531317144976,0.0019325653143386784,0.006924400142553259,0.0069670775811579945,0.6681547619047619,1347,0.085765289714425,0.41657659234623545,1
reallyfatbeagles,0.11244377811094453,0.05697151424287856,0.05547226386806597,0.3148859514312275,0.000681399427687222,0.001609765430400928,0.0006687147004188135,1.9676647791014832e-05,1.9518863721185965e-05,0.553306342780027,410,0.0002563733888810472,0.3127754747587292,9
juliegarcia33,0.10794602698650674,0.05397301349325337,0.05397301349325337,0.3150378501053381,0.0002279734920044285,0.0014779683498446622,0.0002451338673351363,2.1972959649638223e-05,2.4434353971812497e-05,0.6456456456456456,430,0.0003248212057845388,0.38476085133712734,9
lsaporito2,0.272863568215892,0.136431784107946,0.136431784107946,0.3894296143520369,0.004074999994671674,0.002831279460954761,0.003762888981124036,0.008577032436039977,0.008565468247464375,0.532967032967033,2231,0.1056026729591267,0.3264783453788277,1
simranprakash,0.10194902548725637,0.050974512743628186,0.050974512743628186,0.3426408516623115,0.0013596617864302532,0.001332591603370685,0.0015872150233611315,0.0018908186164705945,0.0018759031963923895,0.38412698412698415,242,0.023414025708341467,0.164331299776719,4
christinabbird,0.026986506746626684,0.014992503748125937,0.01199400299850075,0.26601770397896773,0.0005829911404718164,0.001367418223471133,0.0004387536949238073,1.4276649281128459e-05,1.3031754667422333e-05,0.8666666666666667,39,0.00017569954114174364,0.4676258992805755,8
emmaloulao,0.07196401799100449,0.035982008995502246,0.035982008995502246,0.3111355232340952,0.000180906394433729,0.0011006557119960089,0.00017232982767321467,1.5855622417390445e-05,1.5778026962831406e-05,0.5253623188405797,145,0.00020977902783887695,0.3177497575169738,9
ohmalord,0.022488755622188904,0.010494752623688156,0.01199400299850075,0.33117315581560136,0.0007600950840814002,0.0006333707979435984,0.0009857665149890949,0.00031759004354770215,0.0003091493519586642,0.32142857142857145,9,0.003935222453292388,0.060348491287717805,1
gulago,0.2338830584707646,0.1169415292353823,0.1169415292353823,0.32850777830400696,0.001207383403143735,0.0029448300237793212,0.0011986960737632034,4.746041682305181e-05,4.7850707234866486e-05,0.5224775224775224,1569,0.0006333908701994951,0.341320252040428,9
sydney_gurley,0.11244377811094453,0.06896551724137931,0.043478260869565216,0.28174006180688776,0.0004483226340216806,0.002256269717078125,0.0003605540602161006,4.051277505531375e-06,5.023691793659206e-06,0.6578014184397163,742,6.60125395045828e-05,0.46283085111499433,0
estherwang1969,0.05397301349325337,0.026986506746626684,0.026986506746626684,0.32588496171076137,0.00047297604417380405,0.0008071223783622178,0.0004875802665990611,0.0006879110380919758,0.0006511257350494227,0.2789473684210526,53,0.008030063282703516,0.1247716154888902,2
pokurry,0.12593703148425786,0.06146926536731634,0.06446776611694152,0.33961178537096504,0.0011321420447903885,0.0014557410491258282,0.0011616320037765825,0.0033424591675864524,0.003134149123871671,0.45182724252491696,408,0.03813086202549504,0.2509189756896179,4
caitlinoliveira,0.07946026986506746,0.04047976011994003,0.038980509745127435,0.30574600340279295,0.003528674099683455,0.001296858294578405,0.004083200368446212,1.2171092271937252e-05,1.0642330824861613e-05,0.5470085470085471,192,0.00016262082526113733,0.27427032212833474,9
srinbean_casserole,0.24287856071964017,0.1199400299850075,0.12293853073463268,0.3855215249518098,0.0012268321895606824,0.0023916609494051156,0.0011908852178518943,0.008549966516031888,0.008536874835127925,0.623249299719888,2225,0.1048236989191233,0.3866371496216658,1
xusiyi82,0.07796101949025487,0.038980509745127435,0.038980509745127435,0.29725692456457253,6.612407101448854e-05,0.0010851755688346455,5.9484004225980455e-05,0.000320010825212821,0.000301812785998713,0.7592592592592593,287,0.0037450266351191754,0.42094560244026435,2
lyssotto,0.02848575712143928,0.014992503748125937,0.013493253373313342,0.31039613273211303,0.0003953254081446691,0.0005918325602554351,0.0005014279948041781,1.4438989931400336e-05,1.3978400131841132e-05,0.5777777777777777,26,0.00019206965340176797,0.35394509027949544,9
mermcv,0.08095952023988005,0.04047976011994003,0.04047976011994003,0.2492646806367808,3.496231159691911e-05,0.001497921660041389,3.531227902279419e-05,2.13457686728827e-06,1.9333165927121025e-06,0.7931034482758621,345,2.753946032306434e-05,0.5345567010309278,0
torguh,0.13343328335832083,0.06596701649175413,0.06746626686656672,0.32186962211353665,0.017758734249451187,0.00262165346612075,0.018393799510888365,1.1570912989517115e-05,1.1353737784481283e-05,0.5828571428571429,714,0.0001435953305225566,0.4047971182146989,0
wgneff0,0.031484257871064465,0.013493253373313342,0.017991004497751123,0.29861612403674703,0.002210093820333181,0.0005706337665488377,0.0027831057982744545,0.0002614280451303942,0.00017894868645155186,0.6060606060606061,40,0.0021560879977026407,0.1471014492753623,4
callie_huffmannn,0.1409295352323838,0.06896551724137931,0.07196401799100449,0.34210239039725815,0.0006761090408411375,0.0017548299317076059,0.0007021818256445582,0.0007898856245272512,0.0007618201587181434,0.5904255319148937,666,0.009715401824862942,0.3073230126978605,2
v_schrag,0.013493253373313342,0.005997001499250375,0.0074962518740629685,0.3229839086391522,0.0015279635033468271,0.00043121541709477493,0.0017253359201511466,0.0001635528555719091,0.00016086893339424684,0.4,4,0.002022700986350349,0.040498442367601244,1
izzydoan,0.06746626686656672,0.031484257871064465,0.035982008995502246,0.34682605590460214,0.0008427813782108345,0.0010129230541057897,0.0009908806057071506,0.0012047053454990009,0.0009705442410683373,0.36594202898550726,101,0.012392468493876275,0.14787079853682103,2
andysmithereens,0.2368815592203898,0.10044977511244378,0.136431784107946,0.3821377783899156,0.000732246469968784,0.001998720254174392,0.0007367187532862752,0.009737462872229503,0.0073957159415437915,0.6581196581196581,2695,0.0909099675655378,0.41670476556478026,1
maggieeluong,0.136431784107946,0.06896551724137931,0.06746626686656672,0.37684562219755674,0.02130975530194048,0.0022447986564436205,0.02065258082829768,0.00018638042914548677,0.0001828357101572541,0.5033816425120773,521,0.0023507877474459506,0.28602614934390636,9
plants_eat_raes_of_sunshine,0.09895052473763118,0.038980509745127435,0.05997001499250375,0.27849614638309844,0.0005176886580216277,0.0013071456582304808,0.0005669095454708023,4.572022051223242e-06,3.851126041008529e-06,0.6333333333333333,494,4.494074039373192e-05,0.44010717420427775,0
chibbs50,0.026986506746626684,0.013493253373313342,0.013493253373313342,0.24662895138533453,2.4218638241800776e-06,0.0006451246271521408,2.4569691136757167e-06,8.137440989676152e-07,7.118415680003826e-07,0.8222222222222222,37,9.483215406623576e-06,0.5607441154138193,0
_shararose,0.12443778110944527,0.06446776611694152,0.05997001499250375,0.2957760250309628,0.0005613500834129396,0.0017676690425782182,0.0005171265882546502,1.7288338077347423e-05,1.934092235877664e-05,0.6522702104097453,589,0.00025965169034738945,0.35983154901076064,9
kianaclark,0.008995502248875561,0.004497751124437781,0.004497751124437781,0.25303117522989765,0.00014150941401693126,0.0006688255816073947,0.00013726528085840359,5.269465478725216e-07,5.50794005157539e-07,0.3333333333333333,1,7.30382693117888e-06,0.01818181818181818,9
mad.lad.crad,0.07346326836581708,0.037481259370314844,0.035982008995502246,0.3265367316341829,3.8418623538671404e-05,0.0008978986201006739,4.61159177637766e-05,0.0029705033118039444,0.0031201407482579348,0.8490028490028491,298,0.037914008958482424,0.4929609292025399,1
nehahahahahahahahah,0.05847076461769115,0.029985007496251874,0.02848575712143928,0.3320149787841209,0.00016567031833123608,0.0009599239165695805,0.0002078904603611199,2.4729812159628632e-05,2.447196182642581e-05,0.7052631578947368,134,0.00033319637111314977,0.35647844884056074,9
audragrimm1,0.08845577211394302,0.05247376311844078,0.035982008995502246,0.2798086817773633,0.0002498399187601598,0.0018175788341106035,0.0001490814311501764,3.5537737370267816e-06,6.1704956607095895e-06,0.7057057057057057,470,7.852157002489316e-05,0.4707762195282994,0
queerbrunchcrew,0.01649175412293853,0.008995502248875561,0.0074962518740629685,0.28593409074797105,0.00020069242587469487,0.0006008722537731138,0.0004641536160048122,1.637346140607511e-06,2.0164555870110453e-06,0.6666666666666666,10,2.646086983521811e-05,0.20632279534109818,9
atucker64,0.014992503748125937,0.0074962518740629685,0.0074962518740629685,0.3182619216707436,5.739880652001682e-06,0.0004522376298482794,6.139128328031952e-06,0.0003330622062388454,0.0003277785851458038,0.8,8,0.004134868153541303,0.1643835616438356,1
maddy_mads_madison,0.07196401799100449,0.02848575712143928,0.043478260869565216,0.2775492831569765,0.0003182399248633859,0.00100203898220232,0.0003315931772906834,3.9187104456843805e-06,3.3626806940686186e-06,0.6795698924731183,316,4.036731184399973e-05,0.45302541801004725,0
drrrtydishes,0.20239880059970014,0.09895052473763118,0.10344827586206896,0.3513036381217675,0.002696477602103949,0.0025407562814490038,0.002261574463315699,5.50914678842021e-05,5.3682892099548786e-05,0.5581780538302278,1348,0.0007031992400153497,0.34151577556729873,9
hedgehoghannah,0.029985007496251874,0.014992503748125937,0.014992503748125937,0.3229839086391522,0.00014719830560407993,0.0006026040098493588,0.00016069044925697598,0.00036199577151261957,0.0003713987572842539,0.37777777777777777,17,0.004474665345451635,0.10415597742432016,2
olivia_koscik,0.0239880059970015,0.010494752623688156,0.013493253373313342,0.2515691306888928,1.6263035372675597e-06,0.0005304842202232788,1.5232440686380382e-06,2.1777636238961473e-06,1.3362297289946704e-06,0.9444444444444444,34,1.869921180759349e-05,0.34404821697639376,9
charlton_lu,0.05247376311844078,0.026986506746626684,0.025487256371814093,0.3376801774913991,0.0008684706463990896,0.0008406625553089647,0.0008935395649991184,0.0008658919717345365,0.0008989502629321683,0.35947712418300654,55,0.010945277519891192,0.1246821087359956,4
loubrody1,0.2143928035982009,0.10644677661169415,0.10794602698650674,0.35168199422098323,0.0025847387714393027,0.00269879916394415,0.002239617454093045,5.757049886767234e-05,5.718158947589256e-05,0.5283228433913365,1427,0.0007455558236282415,0.3358834127470437,9
andimsophie,0.06746626686656672,0.034482758620689655,0.03298350824587706,0.291160705870872,0.0011642635244300517,0.001165804751823123,0.0011249661736245605,7.694196821476787e-06,7.939725177175113e-06,0.466403162055336,118,0.00010445399574946088,0.23830078433436858,9
eets.san,0.08695652173913043,0.041979010494752625,0.04497751124437781,0.3181068988155703,0.00016386641832484406,0.0011392029206768212,0.0001950278383517819,0.00036809731036002567,0.0003537812544707984,0.664367816091954,289,0.004526527561658091,0.3504044843620613,2
desibrown_,0.1829085457271364,0.09295352323838081,0.08995502248875561,0.350173438749794,0.00265631575127883,0.0024376840337734314,0.0022593795859623097,4.870513605728718e-05,4.996386816414317e-05,0.5705975674246431,1079,0.0006573468750906133,0.35197513585757334,9
msangelicapickles,0.12893553223388304,0.06446776611694152,0.06446776611694152,0.320134050621748,0.0004184585168683905,0.0017087289519807022,0.0003924220829186946,2.9387842653886123e-05,2.9794213384647913e-05,0.5858250276854928,529,0.00039096166367990964,0.348231590722843,9
hannah.rocchio,0.11244377811094453,0.05697151424287856,0.05547226386806597,0.31950756519978757,0.0019918576102462902,0.001707838227001094,0.0021180447637956417,1.373080704516042e-05,1.4362004535241456e-05,0.45519203413940257,320,0.00019163840754222991,0.23683688055908514,9
lil_chin,0.1394302848575712,0.06896551724137931,0.0704647676161919,0.32330369468730985,0.00034328180964898893,0.001821612274899392,0.00032335528648985186,3.4705553325854435e-05,3.452249668438569e-05,0.6347517730496454,716,0.00045555774389271505,0.3727081935078356,9
10000alpacas,0.09295352323838081,0.05697151424287856,0.035982008995502246,0.3288386018471127,0.00024290673194981414,0.0015014553113229978,0.00023204669088929057,0.00026596104024984165,0.00042477518685052335,0.581646423751687,431,0.005239649787277616,0.3280009622323791,2
johnrundai,0.0914542728635682,0.04497751124437781,0.046476761619190406,0.33542550758519046,0.0006523283115904707,0.0012781745877988554,0.00082472737769753,0.000521784528421457,0.0004936752383415406,0.632258064516129,294,0.00641740394812324,0.2930380305303097,2
chevydevvy,0.026986506746626684,0.01199400299850075,0.014992503748125937,0.30834441136372326,0.0005213457631535112,0.0010599269613014858,0.0006013677743273509,7.017298230614663e-06,7.27277341680995e-06,0.6444444444444445,29,8.686909117488914e-05,0.29860228716645487,7
johnbenhart,0.15442278860569714,0.07796101949025487,0.07646176911544228,0.364845510205791,0.0004053216879421337,0.001618966376892788,0.0003926233589961478,0.005471875928499345,0.005769774448002817,0.7184325108853411,990,0.07019946834681387,0.4194804620082312,1
carti_v,0.15442278860569714,0.07496251874062969,0.07946026986506746,0.28283822575503065,0.0016383939482320054,0.0024802361690900213,0.0017801192856003564,5.616289749574693e-06,5.23975679155378e-06,0.5527603074772887,791,6.857920466854412e-05,0.3973480605413291,0
tlwindows,0.22938530734632684,0.1199400299850075,0.10944527736131934,0.3859772241538805,0.0007967605320808201,0.002383947553142299,0.0007578320373272339,0.008188483921372936,0.008815867732838477,0.6990740740740741,2265,0.10850239738971848,0.43738066259477204,1
amberyil,0.008995502248875561,0.004497751124437781,0.004497751124437781,0.3013721565613133,7.503755629692661e-07,0.0005230850935792839,7.50375562969266e-07,1.4137128634578062e-05,1.4120581951895675e-05,1.0,3,0.00017696635257496206,0.07042253521126761,9
tentpo.apo,0.0944527736131934,0.035982008995502246,0.05847076461769115,0.3151898953997904,0.00012268112087860406,0.0010395835712104803,0.00014607386100267788,0.0005288380038052701,0.0003550286358615292,0.7115384615384616,555,0.004548707082732704,0.38167952824694235,2
alex_weckingball,0.2893553223388306,0.1394302848575712,0.14992503748125938,0.3953229196539745,0.004859856676207769,0.0028812191625701574,0.004661611742186528,0.009314206409590853,0.008935111593069265,0.49757575757575756,2463,0.10947286864405173,0.30910139884648635,1
bchan_4,0.08545727136431784,0.046476761619190406,0.038980509745127435,0.3578484730237621,0.0038124073741158037,0.0013032296224046644,0.004166642644033956,0.0010037982836484482,0.0011196886146744396,0.4344086021505376,202,0.013781294943317443,0.15350851862546924,4
aidanzfitz,0.08395802098950525,0.041979010494752625,0.041979010494752625,0.32442794995944646,0.0011161614221456859,0.0012070141383280014,0.0013825217072922988,0.000935357800338143,0.0009815094389629107,0.2777777777777778,105,0.011574326430787835,0.11247864575244604,4
tarini_mathur,0.07196401799100449,0.038980509745127435,0.03298350824587706,0.3167184593929999,0.0002785099012391672,0.0011442731339729561,0.0003011100266585007,1.1909602417053538e-05,1.3746837297710812e-05,0.6584615384615384,214,0.00018318009022069847,0.34059170745752954,9
twoandahalfman_ish,0.0914542728635682,0.04497751124437781,0.046476761619190406,0.36362664992670707,0.0006693778564844273,0.0011500312242404183,0.0007622860912013398,0.0033414812072307906,0.0032473945775379027,0.6881720430107527,320,0.03987277844543521,0.40589822309052004,1
moirahaney,0.029985007496251874,0.014992503748125937,0.014992503748125937,0.2870652585795015,2.1966580080804415e-05,0.000575346133511863,2.3059793987061313e-05,5.1381581962380075e-06,5.202134225673706e-06,0.6222222222222222,28,6.872257002873989e-05,0.36101169172035313,9
evelyn_the_puppydog,0.01199400299850075,0.005997001499250375,0.005997001499250375,0.3247506033159452,0.0002925475245570732,0.00042478736903455154,0.0003807562695935842,4.888272878399678e-05,3.253762576122459e-05,0.5,5,0.00045025447686451053,0.07276995305164319,4
val.tsao,0.1199400299850075,0.05847076461769115,0.06146926536731634,0.3375056657717653,0.000705903547636056,0.0015173478937641443,0.0007869776666446955,0.000951281064874012,0.0009252592117592257,0.6024390243902439,494,0.011369678056700059,0.2714434751054597,2
kiendoll.vn,0.0029985007496251873,0.0014992503748125937,0.0014992503748125937,0.24653584872342993,0.0,0.0004933354614085878,0.0,1.743851545576185e-06,1.7247400802590893e-06,0.0,0,2.1377123065360385e-05,0.0,3
schlegelbagel14,0.10344827586206896,0.04947526236881559,0.05397301349325337,0.25021971772734325,0.00013705078788635896,0.001582762520239946,0.0001428210260267413,2.6121382233727235e-06,2.5542155490203017e-06,0.6486486486486487,432,3.220821040214039e-05,0.4382219783235012,0
canosynapse,0.2128935532233883,0.10044977511244378,0.11244377811094453,0.38102302407722627,0.030619019789311776,0.002585447701852068,0.031038550861516516,0.00019850000116009657,0.00019105519058004969,0.49405405405405406,1371,0.0024592280742578407,0.307837835425981,9
tribby__,0.10044977511244378,0.047976011994003,0.05247376311844078,0.3751139938359367,0.001818565451621679,0.0013725702440119283,0.002168798395135032,0.001128435786399508,0.0008865282169624434,0.5396825396825397,340,0.010838354064189138,0.2082665945541156,4
nlat98,0.15892053973013492,0.07496251874062969,0.08395802098950525,0.3513036381217675,0.07561601302041772,0.0024749971161059166,0.07144924359728444,0.00012810947938624652,0.00012805456275844572,0.5776942355889725,922,0.0015863462046169902,0.381271608061388,0
vanessadnk,0.22338830584707645,0.11094452773613193,0.11244377811094453,0.3303355909298765,0.0009873151493252083,0.0027664954864455543,0.0009823832878633628,4.660412177765693e-05,4.676060441133299e-05,0.5459459459459459,1515,0.0006171142661673408,0.34711353769844,9
martin_cala,0.06896551724137931,0.037481259370314844,0.031484257871064465,0.35902884181878275,0.024316585537301313,0.0018305163503281802,0.022585122144045868,0.0007863518440066508,0.0008982707893350254,0.23076923076923078,81,0.010718540233823905,0.08580415020520886,8
toph.and.kublai,0.008995502248875561,0.005997001499250375,0.0029985007496251873,0.29444249921928123,0.0,0.0004722983226441899,0.0,1.7682619801711227e-05,3.0953482839740493e-05,0.8333333333333334,5,0.0004294965704223596,0.32951289398280803,2
ec__davis,0.20689655172413793,0.10494752623688156,0.10194902548725637,0.432498982296931,0.13657293892157601,0.004567736469636205,0.12277712172196849,0.0009627497547560661,0.0009716432449656553,0.17929606625258798,433,0.01207341465989956,0.10196501253403056,9
lindsey_marie123,0.08695652173913043,0.034482758620689655,0.05247376311844078,0.249074547394495,8.337956714927605e-05,0.0011587116550501794,7.906000340248917e-05,2.7405877568790124e-06,1.7792618331779955e-06,0.6231231231231231,415,2.2710846549026e-05,0.4361346560068451,0
bridget_w_,0.06446776611694152,0.03298350824587706,0.031484257871064465,0.39845848887636715,0.014774517032254393,0.0012030924246843853,0.015546645247541367,0.00037298827916448606,0.00048087968348182867,0.29004329004329005,67,0.005945305723919792,0.09764007384124133,9
schuchschuch22,0.019490254872563718,0.008995502248875561,0.010494752623688156,0.245978705562473,2.047478881623223e-06,0.0005097889857843581,2.1475308647898827e-06,5.027932938847036e-07,4.319698290357265e-07,0.8095238095238095,17,5.237458985348037e-06,0.37018756169792694,0
you_are_aurorable,0.24587706146926536,0.12743628185907047,0.1184407796101949,0.3568707449553912,0.006640178265185838,0.003301971671442733,0.006328291166476821,5.978291486799934e-05,5.949373772335263e-05,0.4394790602655771,1721,0.0007892056951742715,0.2900281261289157,9
lizpasnik,0.014992503748125937,0.0074962518740629685,0.0074962518740629685,0.24478015864631403,7.108509133323781e-06,0.0004827316054592844,1.2241347966274352e-05,4.3592693442446235e-07,4.481333303774059e-07,0.7,7,5.9046235648912215e-06,0.1639871382636656,9
pratiksha.shrma,0.07946026986506746,0.03298350824587706,0.046476761619190406,0.31247534127673005,0.00042243191635111713,0.0011199196967334043,0.0005596896567898042,0.00024829491431468113,0.00018343852440671652,0.6537634408602151,304,0.0023967041289488507,0.3728673431040962,2
lizlawsonk,0.24287856071964017,0.12143928035982009,0.12143928035982009,0.35473843740812916,0.005246789721297623,0.0030730614171242806,0.004573222346247192,5.578554830405404e-05,5.6209576542913505e-05,0.4722222222222222,1530,0.0007342724659757069,0.30197897722018435,9
kenzie_pensyl,0.1199400299850075,0.07196401799100449,0.047976011994003,0.2816185697578119,0.0003323790102839722,0.0024482892610323778,0.00019565370291100325,4.436248195166624e-06,7.12401042517463e-06,0.6675531914893617,753,9.229716087570071e-05,0.4610283743533469,0
donnajivan,0.022488755622188904,0.010494752623688156,0.01199400299850075,0.3070397100462463,0.0005873468036015192,0.0011724966733228344,0.0005826992815231964,5.425838069187937e-06,5.142629299438574e-06,0.7857142857142857,22,6.725921802303653e-05,0.24516129032258063,7
lijiaz,0.15292353823088456,0.07196401799100449,0.08095952023988005,0.36221489920597105,0.003092193814212575,0.0019617633446390443,0.003072120410102366,0.0007344722116906057,0.000683429658770211,0.5003367003367003,743,0.008578719774128815,0.26000251574761246,2
jillian.taylor,0.13343328335832083,0.07646176911544228,0.05697151424287856,0.4004129143276308,0.00546266070569159,0.0017265767481943358,0.0051004249315593515,0.0034954273442799767,0.0046187583395966595,0.504313725490196,643,0.056542703998288125,0.2834127403091192,1
rthaii,0.07646176911544228,0.037481259370314844,0.038980509745127435,0.34318101065074397,0.0010253076040763962,0.0010987024756747737,0.0010898426886188442,0.0012505936829177416,0.0012441247513819058,0.24615384615384617,80,0.015414249805083205,0.11693873750853453,2
mitrak_,0.0704647676161919,0.034482758620689655,0.035982008995502246,0.3484917093214332,0.0005950933605644467,0.0010556960165906694,0.0006366100458616836,0.0009536794827836613,0.0009450522348416804,0.41,123,0.011523756714574727,0.13394773387198586,4
scopio91_,0.2143928035982009,0.10944527736131934,0.10494752623688156,0.3210783988536705,0.0010610804757758487,0.002753860899162772,0.0011326335292766137,3.8348576726331527e-05,3.754860633641007e-05,0.5286930766382821,1428,0.0005208067788597091,0.33205144850001567,9
charlierobofro,0.09295352323838081,0.04047976011994003,0.05247376311844078,0.28149718244326116,0.0004272396813804404,0.0014559214102837408,0.0005103426259076466,6.354463174057003e-06,2.3179738637373848e-06,0.5747899159663865,342,5.149678820150345e-05,0.39500857994400457,0
pchollier,0.21739130434782608,0.10944527736131934,0.10794602698650674,0.3689680583437095,0.0009438895767089969,0.002206530711228391,0.0009435554823851125,0.007362399579273555,0.007495656474967044,0.6213850837138508,1633,0.09176614116822175,0.37167534595048146,1
neenzheng,0.06296851574212893,0.03298350824587706,0.029985007496251874,0.2816185697578119,8.488024570820271e-05,0.001019333946504252,0.0001009267202814411,7.775121900466408e-06,7.914522377697748e-06,0.5928853754940712,150,0.00010007617015100137,0.2879232726560971,9
destroyer_of_watermelons,0.10644677661169415,0.050974512743628186,0.05547226386806597,0.35804466187958656,0.0013897496452209815,0.001426521748096157,0.0015362259005860708,0.001096292087038389,0.0010810053649735504,0.3978978978978979,265,0.01302891825903224,0.1601615074024226,4
jimliu905,0.19040479760119938,0.095952023988006,0.0944527736131934,0.3673079095997558,0.0002965706905675211,0.001923826188317719,0.00030881578708553384,0.007280328976051849,0.007454833063598583,0.8020833333333334,1617,0.0919163540617266,0.4840223013837711,1
sam.mccormickk,0.020989505247376312,0.010494752623688156,0.010494752623688156,0.3349094683427517,0.0017007844311646486,0.0008400349453936684,0.001911016296284009,0.0004219884857290747,0.00043706742410168803,0.6190476190476191,13,0.005221649330390054,0.14285714285714285,1
becca.macc,0.11244377811094453,0.05697151424287856,0.05547226386806597,0.3115808507959761,0.0009411556161655001,0.0016074044743731217,0.0009788068790454883,1.8119981335131148e-05,1.862685670446962e-05,0.6486486486486487,456,0.0002477683778922325,0.3533418327249865,9
blexisvs,0.13343328335832083,0.06746626686656672,0.06596701649175413,0.36668919891542157,8.199601088179569e-05,0.001420375553890802,7.77827383518084e-05,0.005260159239786802,0.0053788314483012795,0.8575757575757575,849,0.06645374028897774,0.5060365341545353,1
benicetoclaire,0.095952023988006,0.047976011994003,0.047976011994003,0.36302026863166525,0.0096297404818726,0.0013245719104492699,0.009715227779284737,0.00015940572551052391,0.00015653793795128055,0.6673387096774194,331,0.0019988953062722308,0.3473258777872184,9
bad_trip_baby_,0.014992503748125937,0.0074962518740629685,0.0074962518740629685,0.31202745497771894,7.340118196920789e-05,0.0007842988320227504,0.00026594724384848935,1.508900984770218e-05,1.5058171650721742e-05,0.7,7,0.00018941818048055642,0.06557377049180328,9
lor.oh.s,0.13193403298350825,0.0704647676161919,0.06146926536731634,0.33252212997370967,0.00032096387731044403,0.0018516515935892797,0.00031876995418943905,0.0004641239872744527,0.0005122202716455654,0.6475485661424607,700,0.006530899796344849,0.3487320434882682,2
jewelsincel,0.15292353823088456,0.07946026986506746,0.07346326836581708,0.2830834257773584,0.0018061769715248806,0.002922906150055279,0.0018931477435857554,7.34255878581897e-06,7.365896204572342e-06,0.5660377358490566,810,9.60376614127358e-05,0.4031430976860474,0
pamelajguerra,0.017991004497751123,0.008995502248875561,0.008995502248875561,0.29957498315062653,3.1000340309143713e-05,0.0005457552980782836,6.424434755218135e-05,0.0003038398539607194,0.0003239812104232445,0.7333333333333333,11,0.0037608662954767723,0.1566265060240964,1
ehc.views,0.08845577211394302,0.043478260869565216,0.04497751124437781,0.31564691313115795,0.00011455878538651335,0.0011644322769570393,0.0001049978679720368,0.00044067136370215694,0.00041547447731138306,0.7520161290322581,373,0.005098959285303348,0.38938851538170494,2
nicolec_523,0.16041979010494753,0.07946026986506746,0.08095952023988005,0.3503613000366769,0.0024240873854545026,0.002125784710867461,0.0019511072977501341,5.658417017812632e-05,5.386023231537631e-05,0.5779175401816912,827,0.0007235224042391018,0.3429803915136505,9
gabriella.p.h,0.022488755622188904,0.010494752623688156,0.01199400299850075,0.30849006295151904,0.00045823329532549475,0.0010462114938261998,0.00047706781330466924,6.898692204954712e-06,6.975562179572516e-06,0.6428571428571429,18,8.663210415801679e-05,0.18181818181818182,7
justinkoga,0.21589205397301348,0.10644677661169415,0.10944527736131934,0.36834374690827176,0.0005838042858223751,0.0021287192705808466,0.0006135484554754763,0.008296640282495809,0.008025506620492938,0.7386153276564236,1995,0.0992966160367436,0.45870607081407844,1
emmvlea,0.010494752623688156,0.005997001499250375,0.004497751124437781,0.2359369448223865,0.0,0.000548675695178579,0.0,1.8724459440219217e-07,2.353686075761809e-07,1.0,6,3.2228513105594063e-06,0.17777777777777778,9
thaidermath,0.0014992503748125937,0.0,0.0014992503748125937,0.0,0.0,0.00022694046507459848,0.0,7.731198263803194e-24,-0.0,0.0,0,2.3476571375243007e-59,0.0,5
dukeapo,0.17391304347826086,0.095952023988006,0.07796101949025487,0.35589834510537643,0.0013915742666171704,0.002454350531110398,0.0014515864913381435,0.0006452204762825636,0.0008552408767177078,0.5015829941203076,1109,0.010704317860231431,0.28050345128428833,2
wannabeanya,0.13493253373313344,0.05847076461769115,0.07646176911544228,0.31247534127673005,0.0020011899801841908,0.0017222671968718174,0.002336991585726567,2.114148767511455e-05,1.6782614019075127e-05,0.5138047138047138,763,0.00021913877214600505,0.30301524885696723,9
eli_bamb,0.07196401799100449,0.035982008995502246,0.035982008995502246,0.32801278918551774,0.00037146532321780335,0.001016794682974519,0.0004163766325874826,0.001191794951495067,0.0011875232716683293,0.427536231884058,118,0.01477157284043867,0.16724537037037038,4
kensanity_chu,0.1169415292353823,0.05397301349325337,0.06296851574212893,0.36101352308920165,0.0025416101305294303,0.0015141955819440217,0.002685625671012105,0.001721726347385164,0.0014535640120196742,0.22067363530778164,190,0.017430445531894153,0.11110943053769946,4
jackie_crater,0.041979010494752625,0.020989505247376312,0.020989505247376312,0.3413870691418535,0.00025298921246888755,0.0007310105732354882,0.00027135957045468646,0.0006536418486639248,0.0006678164316183502,0.7252747252747253,66,0.008082605577617643,0.18543307086614172,4
julie.c.barron,0.029985007496251874,0.014992503748125937,0.014992503748125937,0.34774944795972623,0.00018952312741748556,0.0007351329469807269,0.00023592995806011172,0.0007693124084880515,0.0007830886410161306,0.6888888888888889,31,0.009538181417434958,0.23204885238997683,1
baejaeyun7353,0.0014992503748125937,0.0014992503748125937,0.0,0.0014992503748125937,0.0,0.0004198416516260952,0.0,-0.0,-2.200767013586926e-20,0.0,0,7.512502840077762e-58,0.0,5
salinas.asael,0.19790104947526235,0.09895052473763118,0.09895052473763118,0.3555108673208306,0.0022617195493076494,0.0024485675051514,0.0023036212563512172,0.0011692801326630355,0.001181985553239154,0.4797202797202797,1029,0.014592746102362672,0.25634641305975736,2
sophieyagoda,0.01649175412293853,0.008995502248875561,0.0074962518740629685,0.30347279891652684,2.6545964849112313e-05,0.0008905353457469468,5.450257902156952e-05,2.1011277703383055e-05,1.9700725861760124e-05,0.5333333333333333,8,0.00026479951118621084,0.07775377969762419,9
rachelsigaccount,0.12743628185907047,0.06596701649175413,0.06146926536731634,0.30333184545674213,0.0007871104773954091,0.001814281736748299,0.0007843447838947154,1.567330607237684e-05,1.6206454673167e-05,0.4868686868686869,482,0.00020939007769880323,0.2737799397239994,9
jronk9,0.1664167916041979,0.08395802098950525,0.08245877061469264,0.3598200899550225,0.0004538533328332425,0.0017437611311804182,0.00047951003273952517,0.005929185432665542,0.005969815118982366,0.7142857142857143,1100,0.0736484075085304,0.4205035049721698,1
solstclair,0.12293853073463268,0.05697151424287856,0.06596701649175413,0.2807710504163224,0.0005048428448003886,0.001931131374403238,0.00046843771016235236,5.3305969318957156e-06,4.90561101829862e-06,0.6114285714285714,749,6.125336037079713e-05,0.42759526938239156,0
_scottylee,0.13793103448275862,0.06296851574212893,0.07496251874062969,0.34300076852330136,9.778424539505726e-05,0.0013283464784332021,0.00012369348977099177,0.0056535471606873385,0.004734779175105093,0.7911010558069381,1049,0.05800674854951297,0.48730483818929116,1
greilly16,0.36731634182908546,0.18440779610194902,0.1829085457271364,0.39700514484399135,0.005022659956033617,0.0036893140656327813,0.004618174513717985,0.011008970157795216,0.011231189197758212,0.4409448818897638,3528,0.13795856963599137,0.30897847761013925,1
moodswing.exp,0.037481259370314844,0.026986506746626684,0.010494752623688156,0.3483058470764617,0.0038186918492027896,0.0010487916580455452,0.004471437604099514,5.126373567313802e-05,0.00019014578982001323,0.49673202614379086,76,0.0023601345158310062,0.22922090927298217,2
didyoumeanzoe,0.15592203898050974,0.08095952023988005,0.07496251874062969,0.34609086553702484,0.00034607779484321265,0.0016544372843214704,0.00033833057993973764,0.0053631741238836066,0.005697218033862949,0.6675324675324675,1028,0.06931545095754281,0.40816878232251996,1
katiecromer_,0.06596701649175413,0.031484257871064465,0.034482758620689655,0.3486777700311616,0.00036484277598701714,0.0009355682320175431,0.0003831670865588007,0.0009795092280415751,0.0008464098085530414,0.5019762845849802,127,0.010508158297389845,0.19755676784631884,4
matthewbarbano,0.14842578710644677,0.07346326836581708,0.07496251874062969,0.3462743707679564,0.0010516517005156394,0.0018957729871489084,0.0011394701452329978,0.0008393150383637474,0.0008233456706374284,0.521870286576169,692,0.01042392587460258,0.2744503180900393,2
drobertpease,0.029985007496251874,0.020989505247376312,0.008995502248875561,0.3267000816750204,0.0010147272273409382,0.0018908635186550894,0.0014980560240883565,6.746890082458776e-06,2.668618238666472e-05,0.34065934065934067,31,0.00034251824907603664,0.08450155763239875,7
tonyteleky,0.18590704647676162,0.09295352323838081,0.09295352323838081,0.3514927143532647,0.00019505034541890642,0.0018880892628491542,0.0002040852852146255,0.007105228823363261,0.0070087028634232195,0.7331524197195839,1621,0.0868746302704096,0.46446935167312775,1
wallaceamelia,0.1424287856071964,0.07196401799100449,0.0704647676161919,0.34572443793984425,0.0013403738586566095,0.001882196001304327,0.001158595970142393,4.005045538552247e-05,4.053749107016383e-05,0.5797872340425532,654,0.0005243647362180321,0.34623726227453544,9
amyemwang,0.06896551724137931,0.035982008995502246,0.03298350824587706,0.3698037730851449,0.0016203032649829974,0.001145461663019948,0.0017872498423175793,0.001115975603831167,0.0011397843417710217,0.3333333333333333,92,0.01407238175831673,0.13828619031390812,2
leon_thedawg,0.1169415292353823,0.046476761619190406,0.0704647676161919,0.32330369468730985,0.00014051436913213412,0.0010615496261608638,0.0001427883239839166,0.005117366804954207,0.003476837396753273,0.727104532839963,786,0.042629950868416165,0.4204054075776817,1
aris_gonell,0.095952023988006,0.04047976011994003,0.05547226386806597,0.32410593710588875,0.00021983804830999772,0.0011162883355685849,0.0002844688052029179,0.0003789148493982995,0.0003126506709303305,0.6813655761024182,479,0.003884008884259508,0.3625930320353791,2
andreairomero,0.01199400299850075,0.005997001499250375,0.005997001499250375,0.2494551043805828,0.00321925143632145,0.0011089130679419472,0.003408240283276622,4.912938750799479e-07,4.687605073892757e-07,0.5,3,6.554165252900385e-06,0.02304147465437788,3
karenmeisong,0.08245877061469264,0.04047976011994003,0.041979010494752625,0.31352542643704556,7.022955883499086e-05,0.0011216217010887374,7.797870857644611e-05,0.00039451733474588535,0.00038216183619537244,0.8253968253968254,312,0.004816816189021439,0.42042613974526843,2
jessk430,0.10044977511244378,0.04947526236881559,0.050974512743628186,0.35168199422098323,0.0013603782163771352,0.0013617259889940265,0.0013369804485582975,0.000685520266274598,0.0006671777737349366,0.5831932773109244,347,0.008417440100325644,0.2554231329846523,2
harrycondonjr,0.031484257871064465,0.014992503748125937,0.01649175412293853,0.223120417925646,9.039994177169035e-05,0.001484300728365709,6.806097574324836e-05,2.0527543961982995e-06,1.1289862368773946e-06,0.8181818181818182,45,1.588991102562592e-05,0.5934959349593496,8
saraahllu,0.08545727136431784,0.041979010494752625,0.043478260869565216,0.33542550758519046,0.0011684191799244004,0.0013195249092924322,0.0014448812466055167,0.0009524517796865637,0.000797733512003594,0.3645320197044335,148,0.010065367882460218,0.15186782042391533,2
ataugustning,0.06896551724137931,0.037481259370314844,0.031484257871064465,0.33542550758519046,0.0009628867699295052,0.0012177288844756812,0.0012456103162542395,0.0009392213567631166,0.000998744937251677,0.26666666666666666,80,0.012405177769631199,0.11311408850994722,2
carlins101,0.21889055472263869,0.10644677661169415,0.11244377811094453,0.38438697072887923,0.0010333937687583032,0.002159530508857988,0.0009721224920571212,0.008136055128132664,0.00781132568768521,0.6652252252252252,1846,0.09631386620756419,0.4081719835655681,1
kyleenbean,0.14992503748125938,0.07496251874062969,0.07496251874062969,0.2824712211368364,0.0005823019629922042,0.0026269899231607108,0.0005197702138807592,5.761869245486622e-06,5.502068135495551e-06,0.6506122448979592,797,7.34067995651203e-05,0.4517952030061944,0
daniel.mckee5,0.10794602698650674,0.05247376311844078,0.05547226386806597,0.3206055293413676,0.00042449786273320126,0.0015059858040970444,0.0004378044767725217,0.0003353610412405197,0.0003213873098451411,0.6441441441441441,429,0.004079529336496622,0.34755241369292594,2
njones_9,0.07796101949025487,0.041979010494752625,0.035982008995502246,0.278614958732238,0.00014056159076867761,0.0015874136648864848,0.0001257042760243384,3.9907435273924784e-06,3.900693441818344e-06,0.6298850574712643,274,5.1453549057220584e-05,0.4232523114253441,0
jeffreygemberling,0.10644677661169415,0.04497751124437781,0.06146926536731634,0.27897200481348394,0.00018661480663901422,0.0014081432533493744,0.0001689702642616108,4.88154330331328e-06,3.920252264915821e-06,0.7009966777408638,633,4.802493097165341e-05,0.4813659076096617,0
demma_andy,0.1649175412293853,0.08695652173913043,0.07796101949025487,0.34719482364081117,0.0001513632081489857,0.0017738944399704382,0.0001754019017419974,0.00571333300109712,0.006284363910092578,0.7352425482174167,1258,0.07731230923080179,0.4348798181885137,1
culbertalex,0.3043478260869565,0.15142428785607195,0.15292353823088456,0.41597035876965976,0.021451985574533768,0.003294805588730388,0.02254822424122625,0.008726238796931567,0.00863283306874578,0.44793451361126974,2353,0.10631849521249874,0.2716353319515899,1
abigail.pease,0.12593703148425786,0.06296851574212893,0.06296851574212893,0.43771679843724254,0.16799757983015362,0.004540839611391638,0.17146106321007526,0.00033508870782735574,0.0003318022431078815,0.12427409988385599,107,0.004161620641496306,0.035243920485374634,7
stoked.18,0.1649175412293853,0.08545727136431784,0.07946026986506746,0.32394517027200687,0.015799395836036154,0.002940108723357864,0.016252279431344694,1.2142609990163574e-05,1.2202889122569533e-05,0.47978142076502733,878,0.00015385838831334425,0.34317567979205166,0
dukeclubswimming,0.08095952023988005,0.037481259370314844,0.043478260869565216,0.32539783919699344,0.0002465421268194043,0.0010728191730441045,0.0002745466361517841,0.0011387116855837104,0.0010673838967618747,0.6133004926108374,249,0.013192862994255785,0.20989286211214694,4
dendayyyy,0.09295352323838081,0.046476761619190406,0.046476761619190406,0.3390827950510726,0.0009716681319981819,0.0012856453023218693,0.001079229235391319,0.001123362548875171,0.001117482959553056,0.513978494623656,239,0.013949727041830251,0.17128883611794307,4
nikitapsuri,0.050974512743628186,0.025487256371814093,0.025487256371814093,0.30361388343485163,0.0002001106329912453,0.000806268014295353,0.00023770700599638596,0.0005245753458313938,0.0005567829139401137,0.37254901960784315,57,0.006526108851809793,0.14042908888269712,4
andreasjoseph,0.07196401799100449,0.035982008995502246,0.035982008995502246,0.33855545011320154,0.00014890467661605842,0.0009216658107796304,0.00020141421699190266,0.002692446756898968,0.0026883589274575032,0.8007246376811594,221,0.033357994894871144,0.47607466806888393,1
indaskywdiamonds,0.10644677661169415,0.05247376311844078,0.05397301349325337,0.32950225190129456,0.0004870868984993903,0.0013835755088653905,0.0005590515723537981,0.0007976373205162606,0.0007889673811323859,0.626984126984127,395,0.00987500374362183,0.28100819895573403,2
keren.amkraut,0.1664167916041979,0.08095952023988005,0.08545727136431784,0.3604158185807758,0.002356172386634506,0.001831627505567438,0.0023659650854089133,0.005002247614624663,0.004764826162672449,0.5093984962406015,813,0.05871551309812431,0.30544691744293534,1
kaidesolano_,0.1679160419790105,0.08845577211394302,0.07946026986506746,0.3174883146661963,0.0005071428581816345,0.0022597873601421493,0.0005163396557812429,3.2063645960155545e-05,3.1786655240403084e-05,0.5645821157218002,966,0.0004461977477954195,0.3452139476480247,9
alexc_1995_,0.04047976011994003,0.019490254872563718,0.020989505247376312,0.30892784449780786,0.00026384566880397045,0.0006425033234438143,0.00034208322365492035,0.00039666964809457333,0.00041586537533789804,0.39166666666666666,47,0.005021066207977219,0.15010989010989012,2
priyanka.lakhiani,0.12443778110944527,0.06296851574212893,0.06146926536731634,0.29725692456457253,0.00033639856431062477,0.0016903180771268376,0.00038768600885284114,2.3164491122914696e-05,2.3845407903311778e-05,0.5493612078977933,473,0.0003147084955021887,0.3489636660486482,9
d_munt_,0.31634182908545727,0.15892053973013492,0.15742128935532235,0.39556236418435237,0.002081533324440517,0.003122706542244206,0.0019053296025862995,0.01025183449059166,0.010557784302857434,0.5401523018345449,3121,0.13007209819406346,0.3489686754771835,1
leah_mattingly,0.017991004497751123,0.008995502248875561,0.008995502248875561,0.27660883662361957,7.565259203206825e-06,0.0004677534426037851,1.2040819696202526e-05,2.2622598352471884e-06,6.570752058726657e-07,0.7333333333333333,11,2.8748600842126493e-05,0.3411042944785276,0
raquellion,0.029985007496251874,0.014992503748125937,0.014992503748125937,0.29658195425448036,0.0012277745902452726,0.0006502930820714704,0.0013741151663752636,5.69268571063662e-06,5.2857035233767385e-06,0.37777777777777777,17,7.420319069074456e-05,0.21001727115716753,9
bluntpencils,0.15442278860569714,0.07196401799100449,0.08245877061469264,0.36403203080733876,0.0038089445293562085,0.0017732011434912526,0.0041326329639002094,0.0010542378760655083,0.0011728709754477654,0.3880771478667446,664,0.014397710960849897,0.1865912477314295,2
cindystee,0.01199400299850075,0.005997001499250375,0.005997001499250375,0.3066072597504065,3.2058835465780364e-06,0.000984826467862406,1.2006009007508252e-05,5.207530862932569e-06,5.003569166587931e-06,1.0,6,6.575847587921978e-05,0.15384615384615385,7
allie.sewald,0.1649175412293853,0.08245877061469264,0.08245877061469264,0.2824712211368364,0.0005696128920243957,0.0026940800979844,0.0005162225380569103,5.9117921014019975e-06,5.836895892133722e-06,0.6363636363636364,945,7.610256726635369e-05,0.4450713414118471,0
kathrynesimmons,0.11394302848575712,0.05547226386806597,0.05847076461769115,0.39318089299721,0.003353878642182642,0.0013782013007478233,0.0030413858569737122,0.0027986577043671804,0.002768290794124868,0.4358974358974359,323,0.03416222481436139,0.21282170212232515,4
nathan_heff,0.12893553223388304,0.06596701649175413,0.06296851574212893,0.36586748642485484,0.002276280376742929,0.0017709831898417123,0.0023146005016346947,0.001374160301456905,0.0014511994825815529,0.3773784355179704,357,0.017805905583661047,0.15002385008517888,4
profffffff_chou,0.047976011994003,0.022488755622188904,0.025487256371814093,0.3159523286252375,0.00010790178254090435,0.0007143023417584366,0.00014077211422058,0.0003016390854604825,0.0002965862396496837,0.6666666666666666,114,0.0036488343422157437,0.33163146901833374,2
sarah.madera,0.191904047976012,0.10044977511244378,0.0914542728635682,0.34336144230723753,0.0018618159169382122,0.002606608402668957,0.0019383098497540168,4.587361278460976e-05,4.783237229683708e-05,0.5201266395296246,1150,0.0006462850320893125,0.33181016419447634,9
caroline.eliza.f,0.10344827586206896,0.05247376311844078,0.050974512743628186,0.39365489045712226,0.002520515179659131,0.0012950762844073575,0.002180787226583797,0.003332119436002735,0.003339086699511144,0.5428571428571428,323,0.04145564439686236,0.3148819804260219,1
adhuffie,0.29985007496251875,0.15292353823088456,0.14692653673163417,0.39484489919490073,0.004690327872583046,0.0031728932572405743,0.004380450067266443,0.009723496745384632,0.010030653239989164,0.549971444888635,2889,0.1238527729365256,0.3590743731255878,1
jen_noelle,0.16941529235382308,0.08545727136431784,0.08395802098950525,0.32218720437511883,0.004054883943409371,0.0024311620652702737,0.004446266276802646,2.5330410555321832e-05,2.5708874023026038e-05,0.48451198129748685,829,0.00034702982044472594,0.29684276616736927,9
heathergrune,0.05547226386806597,0.026986506746626684,0.02848575712143928,0.30747338195309126,0.00015933306343581934,0.0008331074312306256,0.00019003898873604506,0.0004688540090443773,0.00047010518038344143,0.45614035087719296,78,0.0056097251904176845,0.1571279916753382,4
rebsdougsmith,0.029985007496251874,0.014992503748125937,0.014992503748125937,0.36668919891542157,0.009258113491423022,0.000776149643699132,0.009734421488947617,8.546909336713781e-06,0.00013279013966969097,0.38181818181818183,21,0.0016205590032667238,0.10949271722752386,0
kirvavas,0.017991004497751123,0.008995502248875561,0.008995502248875561,0.27474693448395704,2.0590696793334028e-05,0.0005066863834902055,1.641294657814778e-05,2.268170949427126e-06,2.1565565573347653e-06,0.7857142857142857,22,2.7639046515675454e-05,0.3458528951486698,0
nickhibshman,0.31334332833583206,0.15892053973013492,0.15442278860569714,0.38102302407722627,0.003542351586204425,0.003207500916307023,0.003702525939554517,0.009547248570211718,0.009864609270293727,0.4818276220145379,2784,0.12124883231875287,0.32006134878657155,1
anisankaran,0.014992503748125937,0.0074962518740629685,0.0074962518740629685,0.30054001991181123,2.7443741236116897e-06,0.0005205152034372134,3.7808506490831995e-06,7.417139563613838e-05,7.543781545420529e-05,0.9,9,0.0009265664638279636,0.11985688729874776,2
jaimegurumi,0.1634182908545727,0.08095952023988005,0.08245877061469264,0.3141286499607339,0.0007670229688467165,0.0021158801472399434,0.0007334287557248772,3.24428738872528e-05,3.235890213171248e-05,0.5441077441077441,808,0.00042505717138936793,0.33093368060891865,9
missanndrisst,0.047976011994003,0.0239880059970015,0.0239880059970015,0.29129057237661277,0.0003190405160557338,0.0008521033367285281,0.0003222840804526043,6.2811797343055515e-06,6.4634322279651465e-06,0.5441176470588235,74,8.582072671730154e-05,0.2803762738437418,9
the_mewhoiswe,0.14842578710644677,0.07796101949025487,0.0704647676161919,0.3819143060048923,0.0061507123590894336,0.0022781426440139814,0.006057374107090932,0.0009976626984433516,0.001068240201766936,0.4143686502177068,571,0.013283711600266514,0.1997003546435548,2
thenewgirlsband,0.026986506746626684,0.014992503748125937,0.01199400299850075,0.2713225854874806,5.008979927158094e-06,0.0006189540213066585,5.290639660954504e-06,2.650020344935429e-06,2.9326641911056467e-06,0.7333333333333333,33,3.8538191228692375e-05,0.2805355976485957,9
abbeybasile,0.07346326836581708,0.035982008995502246,0.037481259370314844,0.27684335026213047,6.426439577868681e-05,0.0010566363167352692,7.192236510476038e-05,8.867127725059555e-06,8.789475897348898e-06,0.5966666666666667,179,0.00011332314297948253,0.31420975902581255,9
undependentme,0.01649175412293853,0.005997001499250375,0.010494752623688156,0.23466527605762336,2.588795692243968e-06,0.0007205877010450968,2.588795692243968e-06,8.314507237161382e-07,3.0057310382813467e-07,0.7619047619047619,16,3.6418685501669937e-06,0.5057471264367817,7
saraevall,0.025487256371814093,0.014992503748125937,0.010494752623688156,0.3343950144743297,0.001179124270732391,0.0006309427744095306,0.0014782745207430183,0.0004357105280674543,0.000624836406828361,0.26666666666666666,12,0.008008250226657534,0.1821002386634845,1
samuelsrabinowitz,0.27436281859070466,0.13493253373313344,0.1394302848575712,0.39580209895052476,0.003178090591546009,0.002771771029252384,0.0034642613187308483,0.00917087824380148,0.009075893894822898,0.5458006718924971,2437,0.11184827595768086,0.35538403011788966,1
esther.yuu,0.07196401799100449,0.031484257871064465,0.04047976011994003,0.24860048087870798,0.00011591344847610285,0.001158063381815138,0.0001161774589016442,2.2825380269003937e-06,1.7719006825410784e-06,0.5897435897435898,207,2.005803062939546e-05,0.38495266567015446,0
brianmlin,0.18590704647676162,0.09745127436281859,0.08845577211394302,0.3731848361533519,0.004194383014269758,0.002542157047226674,0.0038568613886384197,0.0007471306376256778,0.0008244621995768018,0.4731934731934732,1015,0.010385843601995674,0.2607804943578721,2
dakshaat,0.005997001499250375,0.0029985007496251873,0.0029985007496251873,0.304747299705257,0.0,0.00032426590950326254,0.0,0.0001417277317359479,0.00013890600993830954,1.0,1,0.001762566865153695,0.034482758620689655,1
marine_anemone,0.13793103448275862,0.06896551724137931,0.06896551724137931,0.3207629976760146,0.0004062503281314535,0.0018033234239009598,0.0003963821472906226,2.9029398735291742e-05,2.90941059185308e-05,0.6376811594202898,660,0.00038813344997907145,0.3730612513144059,9
kadealpers,0.1184407796101949,0.07196401799100449,0.046476761619190406,0.3255600514797437,0.0010039714228965014,0.0019635126962612797,0.001122508422599884,1.8445264730274086e-05,2.6280754905293705e-05,0.48936170212765956,552,0.00035000372449617447,0.3159848025989758,9
jenniejacobs,0.22938530734632684,0.11094452773613193,0.1184407796101949,0.3483058470764617,0.005263019290521981,0.0028347228409563367,0.004771862675800844,4.84116651785745e-05,4.734295682695799e-05,0.45829276209023045,1412,0.0006180761190124301,0.2920905478685502,9
windaidinstitute,0.029985007496251874,0.01649175412293853,0.013493253373313342,0.28643572950366925,0.001999312314781612,0.0014468776647492106,0.0025040386005314376,1.6657232003729413e-06,1.4439590491779685e-05,0.6923076923076923,54,0.00019044639098965744,0.39509536784741145,8
nesh170,0.13043478260869565,0.06296851574212893,0.06746626686656672,0.3466419656413831,0.0008804337558543246,0.0016599339754390704,0.0009821890367140893,0.0006352425703481872,0.0006078829322606643,0.5735430157261795,620,0.007556486027387647,0.29210991141745357,2
collins.elizabetha,0.0239880059970015,0.01199400299850075,0.01199400299850075,0.23084958051197094,1.4587825275442859e-05,0.00119882709677679,3.109530626466924e-05,1.82966534608228e-06,1.873042920220398e-06,1.0,28,2.4045848067091458e-05,0.7181818181818181,8
charliedracos,0.3028485757121439,0.15442278860569714,0.14842578710644677,0.4178333098326077,0.024966058632267422,0.003329780323028481,0.028646888257735367,0.009666612169167076,0.010019983435473289,0.5326480106605749,2798,0.12365282977514619,0.3563208814932066,1
tony_boyu_guo,0.10044977511244378,0.04947526236881559,0.050974512743628186,0.3373313343328336,0.00021279521803301406,0.001311507481851304,0.00027830090913623503,0.000613566677193137,0.0006051970460230746,0.7433155080213903,417,0.0076106607682860615,0.3635043913769326,2
roux.blue.stagram,0.09745127436281859,0.047976011994003,0.04947526236881559,0.3226647545792321,0.0025339831640545235,0.0015315881008778193,0.003208180221713093,1.5039658433974121e-05,1.4212657533818611e-05,0.4375,231,0.0001901461722536921,0.23423471004542093,9
malbegs22,0.10344827586206896,0.050974512743628186,0.05247376311844078,0.3288386018471127,0.0005112057712860197,0.0013691474933824335,0.00047526057946533,3.576767516280996e-05,3.5380613979036365e-05,0.6825396825396826,430,0.000456392649624627,0.38587157319145793,9
gunder.pressure,0.029985007496251874,0.013493253373313342,0.01649175412293853,0.2767260437577821,7.776506000310231e-06,0.0005373671199737608,1.5465006682212718e-05,4.763481896709678e-06,3.6943667422470062e-06,0.7818181818181819,43,4.49877625312415e-05,0.3217243576130813,9
cr.ly7,0.12293853073463268,0.06146926536731634,0.06146926536731634,0.32202833494495353,0.0002972498631036401,0.0016397574883556655,0.0003130358727937495,2.728102947011222e-05,2.5465624346712183e-05,0.6646341463414634,545,0.00036342197929368244,0.38674950611274944,9
thefabucurry,0.014992503748125937,0.005997001499250375,0.008995502248875561,0.304747299705257,2.6431326922065413e-05,0.0006159385617389633,0.00010351780278220569,1.523375567004239e-05,1.4726669977409655e-05,0.4666666666666667,7,0.00018508612902942432,0.08492201039861352,9
anniewang97,0.0704647676161919,0.043478260869565216,0.026986506746626684,0.29725692456457253,0.0001749515266782591,0.0011899751934413105,0.00026867111118756784,0.0001565392052934345,0.0002480988386060236,0.6735632183908046,293,0.0030547031385052418,0.3761818319340443,2
elizabethshulman,0.12893553223388304,0.06446776611694152,0.06446776611694152,0.3712754197091335,0.0014253487625072291,0.0017376517126889222,0.0015177832706270266,0.0011835075054524144,0.0011812301879537733,0.4686868686868687,464,0.014581319357178055,0.19290850836596654,4
basicbitchbooksandbevs,0.041979010494752625,0.0239880059970015,0.017991004497751123,0.344448029149982,6.319478283321915e-05,0.0007795247573534282,6.030397653730585e-05,0.0003953461889644851,0.0005199790841513062,0.8833333333333333,106,0.006323569856245241,0.3260771992818671,4
mak_el_moor,0.05397301349325337,0.0239880059970015,0.029985007496251874,0.3048895720207124,1.157436930761388e-05,0.0006320724055443631,1.1239608917197508e-05,0.0022790684889593274,0.0017869796167976654,0.7971014492753623,220,0.02091244048494163,0.45329770436050043,1
haylo.333,0.13793103448275862,0.06896551724137931,0.06896551724137931,0.3250738990882856,0.0005383022278725746,0.0018620266745646846,0.0005272458053461259,3.330750580978251e-05,3.34637827252063e-05,0.6019323671497585,623,0.0004422158562125799,0.3560851902598495,9
karla_nicol4320,0.10344827586206896,0.04947526236881559,0.05397301349325337,0.35843768565772,0.0010422586711054105,0.0012764815206992932,0.0010974846729546418,0.0024249161715770304,0.0022168143888064607,0.4095238095238095,258,0.027863581588232243,0.19942123004515677,4
izzie.red,0.01199400299850075,0.005997001499250375,0.005997001499250375,0.3015112942143886,2.438720579650115e-06,0.0006967683849431127,2.438720579650115e-06,1.4338122437898352e-05,1.4323113010803467e-05,0.8333333333333334,5,0.00017950123788584797,0.07272727272727272,9
queenkadie,0.2368815592203898,0.1199400299850075,0.1169415292353823,0.35473843740812916,0.005840488620869601,0.003190426869525023,0.005145636292008374,5.6015327572906075e-05,5.6445329312950694e-05,0.5003086419753087,1621,0.0007388563479298541,0.31669034064290774,9
cailin_b98,0.05997001499250375,0.029985007496251874,0.029985007496251874,0.3399653634921217,0.007902987483124818,0.0009546178354844802,0.00938016480147376,0.0001447447216868144,0.00014307808582746912,0.6789473684210526,129,0.0018043023626523626,0.31410683362195285,9
_spinsta_666,0.0,0.0,0.0,0.0,0.0,0.00022694046507459848,0.0,-0.0,-0.0,0.0,0,2.3476571375243007e-59,0.0,6
stephaniecrater,0.24287856071964017,0.1199400299850075,0.12293853073463268,0.3878108451712386,0.005534191919695913,0.0027555100944398393,0.005997408687098324,0.005493813566818296,0.00528604202660151,0.33763625932300634,1177,0.06459598578663396,0.19533719469727184,4
jdechicchis,0.20689655172413793,0.10494752623688156,0.10194902548725637,0.3819143060048923,0.0008847889205527596,0.002071696707759694,0.0008590910491082011,0.0080550017415097,0.008270424440686559,0.7937888198757764,1917,0.10203015932629325,0.487242970893227,1
sharmanultraaaa,0.11244377811094453,0.05697151424287856,0.05547226386806597,0.3167184593929999,0.0002772425426542112,0.001526248334712563,0.0003048124892707164,2.2382166821596877e-05,2.282096512767388e-05,0.5860597439544808,412,0.0003045263290252469,0.3423263900067609,9
jasonbrovich,0.335832083958021,0.16941529235382308,0.1664167916041979,0.39845848887636715,0.004397821786156845,0.003470094778910793,0.00429690478698977,0.010422368853505988,0.01064372445220426,0.4974715549936789,3148,0.13115944046419042,0.33937429159912735,1
fionamay17,0.14392803598200898,0.0704647676161919,0.07346326836581708,0.3290042636112674,0.0022124651872076784,0.0018991826403484322,0.0020693300315641067,2.8419197350031194e-05,2.6914122593366675e-05,0.5937254901960785,757,0.0003617804211181543,0.3499966698699346,9
juliaharnoy,0.17241379310344826,0.08695652173913043,0.08545727136431784,0.3484917093214332,0.0030704833893247904,0.0022507706706431595,0.002705548486766538,4.393124990435021e-05,4.509299528917639e-05,0.5958862673926195,985,0.0005901777065969653,0.356782463677992,9
cardboardchopsticks,0.01199400299850075,0.005997001499250375,0.005997001499250375,0.2359369448223865,1.7001641189547236e-06,0.000580738256856457,1.1472408607174557e-06,2.100331877238904e-07,2.350464955858254e-07,1.0,6,3.2228513105594063e-06,0.17777777777777778,9
kc.bergman,0.01199400299850075,0.005997001499250375,0.005997001499250375,0.3046051601065139,0.0,0.0006765427793257052,0.0,4.9578017084888355e-06,5.028866318674584e-06,1.0,6,6.248152757599942e-05,0.18791946308724833,7
jmai94,0.1829085457271364,0.0914542728635682,0.0914542728635682,0.3320149787841209,0.001129512356130394,0.002352364042940429,0.0011853176084470984,3.705285278785229e-05,3.4822092488896824e-05,0.5972677595628415,1093,0.0004916275848823264,0.3556863880577808,9
elizabethkattt,0.01199400299850075,0.005997001499250375,0.005997001499250375,0.3015112942143886,0.0,0.0007274733584162942,0.0,1.4264724593070403e-05,1.4224803778216829e-05,1.0,6,0.00017832659178703764,0.06132075471698113,9
senoritanitaa,0.10794602698650674,0.05397301349325337,0.05397301349325337,0.31292451522202486,0.00032070164449793885,0.0014674460971493394,0.0003160927017793164,2.219564277458422e-05,2.225711871109616e-05,0.6777777777777778,427,0.00029508107044858505,0.38154083436782904,9
joro214,0.20089955022488756,0.10194902548725637,0.09895052473763118,0.3505493629996596,0.0018305045820149915,0.0025541280159526625,0.0014520363936957313,5.53995859216475e-05,5.393697344979681e-05,0.5746478873239437,1428,0.0007064130556048972,0.35111375503998943,9
kayla_nieto,0.13343328335832083,0.06746626686656672,0.06596701649175413,0.3013721565613133,0.00027473945705728967,0.0017485752537548158,0.00030103688932819385,2.3835930644164327e-05,2.428901241665328e-05,0.5584541062801932,578,0.00031566857040067685,0.32836034830803046,9
itme.maya,0.019490254872563718,0.008995502248875561,0.010494752623688156,0.30834441136372326,4.425653638735551e-05,0.0009035289995331672,6.0609284747215744e-05,6.9358857748376455e-06,6.904958968208578e-06,0.7619047619047619,16,8.576166097591446e-05,0.16155419222903886,7
schweitz400,0.043478260869565216,0.022488755622188904,0.020989505247376312,0.306895424468217,0.0003780327737089927,0.0007771731381628077,0.0005132721860848136,0.0004822145670597232,0.0004960841974649183,0.3142857142857143,33,0.006216374391569701,0.1140524492825334,4
aileen.white,0.14692653673163417,0.07346326836581708,0.07346326836581708,0.300401777032367,0.00032894792630410775,0.0019396120706259294,0.00034446369474918525,2.362915218576864e-05,2.3856714310198607e-05,0.6190476190476191,728,0.0003192746892979364,0.3596144018117503,9
cookingwithklaassen,0.0029985007496251873,0.0014992503748125937,0.0014992503748125937,0.24295887770400512,0.0,0.00027645367888535843,0.0,1.595407370341221e-07,1.6355242997094138e-07,0.0,0,2.028655668635786e-06,0.0,0
nikhilvdk,0.06896551724137931,0.038980509745127435,0.029985007496251874,0.3679287117004878,0.008473307801257947,0.0012898082216711419,0.009006369954948655,0.0005455233926083157,0.0006085723997476161,0.26461538461538464,86,0.007632047178989047,0.10303006515425073,2
terminatorpulak,0.12143928035982009,0.05697151424287856,0.06446776611694152,0.34609086553702484,0.003436358999949784,0.0015215903618844076,0.0039008107700415355,0.0012620425807882273,0.0010914486023134923,0.39361702127659576,444,0.013673757901895154,0.18988236806582245,2
michiwee,0.07946026986506746,0.04047976011994003,0.038980509745127435,0.3355978742386258,0.0004700140083107361,0.0011694598993063484,0.0005566196545928999,0.0009431521839719395,0.0009500012306284491,0.5105820105820106,193,0.011774690772365152,0.17339329211167323,4
birpartap__,0.01199400299850075,0.005997001499250375,0.005997001499250375,0.3050319772388444,3.161171480520578e-06,0.0004145921485059897,4.1999090720344125e-06,6.37430093354686e-05,7.165297910744695e-05,0.8333333333333334,5,0.0007963487420346041,0.11842105263157894,2
good_kid_r.a.a.d_city,0.1424287856071964,0.06896551724137931,0.07346326836581708,0.3594240304173725,0.0001899605792234952,0.0014350366093581987,0.00021568737104471643,0.005561342014698663,0.0053088129628778655,0.7714932126696833,1023,0.0648000084047826,0.461410134314144,1
vyuziuk,0.0914542728635682,0.04497751124437781,0.046476761619190406,0.32604766014396697,0.0008512544103535662,0.001230666079965792,0.0009185072322353963,0.0017135043000997296,0.001613175495683821,0.3731060606060606,197,0.020216207526947902,0.1573274972127018,4
selmonious_patronious,0.005997001499250375,0.0029985007496251873,0.0029985007496251873,0.21682385898684123,0.0,0.0004255185871025065,0.0,3.5863127306895084e-08,3.6472668709653235e-08,1.0,1,4.896549016976529e-07,0.16666666666666666,9
cparrott482,0.16941529235382308,0.07346326836581708,0.095952023988006,0.34812018297887304,0.00014093485924572167,0.0014951003763667744,0.00014210193175751652,0.0073031204104242135,0.005761170604547842,0.7668650793650794,1546,0.07035543653313196,0.4758743241372844,1
pixipeachh,0.07196401799100449,0.0239880059970015,0.047976011994003,0.27234089377329684,0.0004492571362737932,0.0007891207690286058,0.0003342553816964662,2.735013664468634e-05,7.839872593336758e-06,0.4838709677419355,240,0.00010436338072653842,0.2686503984063745,9
zachsgawne,0.025487256371814093,0.01199400299850075,0.013493253373313342,0.3051745155459653,2.8718606929501483e-06,0.001040867019156218,2.900558872572866e-06,5.347881013056119e-06,5.593446360466695e-06,0.9444444444444444,34,6.606224495806182e-05,0.4262023217247098,7
thekriin,0.01199400299850075,0.005997001499250375,0.005997001499250375,0.3015112942143886,4.127065596330964e-06,0.0008160138549303796,4.127065596330964e-06,1.4328550549298102e-05,1.4303750763761652e-05,0.6666666666666666,4,0.00017937017864967997,0.06018518518518518,9
lhaliko,0.010494752623688156,0.004497751124437781,0.005997001499250375,0.3043212783170391,0.0,0.0007632251536004408,0.0,5.208871193771479e-06,4.908184344050786e-06,1.0,6,6.098699636397385e-05,0.15384615384615385,7
itsthejukeofyork,0.4197901049475262,0.2083958020989505,0.21139430284857572,0.4802010759326219,0.20787540119031772,0.005289625746930044,0.19641329560334772,0.008772748626543583,0.008676615156597501,0.25227963525835867,2490,0.10702625566508515,0.16206179701744206,1
earlofcleveland,0.004497751124437781,0.0029985007496251873,0.0014992503748125937,0.2716611744044783,0.0,0.00035630004475193164,0.0,1.993175262273082e-05,2.2201556158745362e-05,1.0,1,0.0002736140790003494,0.1111111111111111,1
samandavivahdontdiesummer2k19,0.07796101949025487,0.038980509745127435,0.038980509745127435,0.39129626319254995,0.005444260662920986,0.0011455895371146813,0.006174660128232305,0.0013945258859425866,0.0013545126245073718,0.43596059113300495,177,0.016896028705638916,0.17945823927765236,2
amelia_murray,0.05697151424287856,0.03298350824587706,0.0239880059970015,0.291160705870872,0.000468972576440914,0.001111617372300306,0.0004547963389718792,6.769513026212063e-06,8.308623834554205e-06,0.5584415584415584,129,0.00011375612947611361,0.3103731711326648,9
sarahrsalmon,0.05997001499250375,0.029985007496251874,0.029985007496251874,0.31950756519978757,0.0003629905286193484,0.000959724111244078,0.0003248874595283149,2.375679650894097e-05,2.3184407773665054e-05,0.6857142857142857,144,0.0003040857378186868,0.3927622645964933,9
elizabethdavismusic,0.005997001499250375,0.0029985007496251873,0.0029985007496251873,0.30123314726400635,0.0,0.000494287716790793,0.0,1.3847332215980186e-05,1.3803995140346988e-05,1.0,1,0.00017305312517267994,0.0,9
donde_esta_ban,0.22338830584707645,0.11394302848575712,0.10944527736131934,0.4086817667511676,0.00786096665430501,0.002319712512709274,0.006841223181510705,0.0076129815671271564,0.008227872192054115,0.6374553716325868,1964,0.10117924571060935,0.38809748920187254,1
stfuveronica,0.17541229385307347,0.08845577211394302,0.08695652173913043,0.32186962211353665,0.00046579100518695396,0.0022365651121951193,0.00044313256217830006,3.6881793804479974e-05,3.7296522933622386e-05,0.6382232612507306,1092,0.0004962202774247985,0.38239143046018104,9
the_wildest_camilleon,0.11394302848575712,0.05547226386806597,0.05847076461769115,0.36959448968215386,0.0009731590940847072,0.001494316756332825,0.0010493266798581643,0.0014410048908191676,0.001422218710274086,0.4966261808367072,368,0.017518157347845228,0.1865027889479829,4
samuel_beckwith,0.1199400299850075,0.06746626686656672,0.05247376311844078,0.28149718244326116,0.00041839026330904843,0.002212155399706136,0.0003471822160697966,4.759052890884648e-06,5.5183760759011635e-06,0.6514285714285715,798,6.72637778544312e-05,0.4471937235968618,0
that.maddie,0.034482758620689655,0.014992503748125937,0.019490254872563718,0.30545999217416553,0.0002823258176701175,0.0013235195798845954,0.000181325955379782,2.493744361850892e-05,5.463685519417953e-06,0.5769230769230769,45,6.792512404609398e-05,0.22692307692307692,7
meadeinglis,0.06296851574212893,0.035982008995502246,0.026986506746626684,0.3496110617068339,0.00020284598219422653,0.0010436788295295945,0.00019305223984731284,0.0005454065488565411,0.0007935566565505256,0.7230769230769231,235,0.00964181235565508,0.2719467696930672,4
gracialufineart,0.08095952023988005,0.035982008995502246,0.04497751124437781,0.28065039246599305,0.0006565008742339167,0.0012924284024644715,0.0005830619778660457,5.492230171115644e-06,3.5152846737851265e-06,0.5540229885057472,241,6.479414276194655e-05,0.3776507232154286,0
sydneycolee,0.10644677661169415,0.05697151424287856,0.04947526236881559,0.2807710504163224,7.915524207716688e-05,0.001951854993678581,8.715713108941735e-05,2.7117168517406143e-06,4.78342317137502e-06,0.7653846153846153,597,6.216622918008213e-05,0.5199441114165954,0
sammysamjam,0.08545727136431784,0.046476761619190406,0.038980509745127435,0.35706586291326725,0.0005345104584917698,0.0012805103215317666,0.0005477412405639876,0.0008431939760015093,0.0009677728464732892,0.5118279569892473,238,0.0118388463395228,0.19714576962283384,4
marlborotroll,0.10944527736131934,0.05547226386806597,0.05397301349325337,0.36423506038391845,0.0018385843267735202,0.001554510689295629,0.0018586004261151303,0.0008013139937128683,0.0009719430562024129,0.5305832147937412,373,0.011824414410529985,0.21008125374738976,4
greshalikekesha,0.15142428785607195,0.07646176911544228,0.07496251874062969,0.3190393078985666,0.0006330046798777753,0.002006420399552323,0.0006712066641045665,2.819890387073505e-05,2.835962106931497e-05,0.6063348416289592,804,0.0003806334406275221,0.3661362709098327,9
pease4him,0.019490254872563718,0.01199400299850075,0.0074962518740629685,0.31069146682605414,0.0003305523318579875,0.0013711573720237421,0.00042452286893094503,6.94515657153852e-06,7.19801709767824e-06,0.4642857142857143,13,8.943442276679345e-05,0.15371024734982333,7
nickynickynickyt,0.16941529235382308,0.08545727136431784,0.08395802098950525,0.36423506038391845,0.022902495424658185,0.002440256142272219,0.02306195122137998,6.762132522913522e-05,6.977237830562613e-05,0.4705513784461153,751,0.000930362521336068,0.29323511200723956,9
_angela.wei,0.09895052473763118,0.050974512743628186,0.047976011994003,0.3488640295236997,0.0007738965716861417,0.0013865176181731042,0.0008496523107103813,0.0008857051036002034,0.0009248395870161381,0.5187165775401069,291,0.011180529191267035,0.2035117946638964,4
kass_lu498,0.025487256371814093,0.013493253373313342,0.01199400299850075,0.31641156166102996,0.0012790901371734684,0.001127732946208101,0.00148802410697202,6.8973765278964585e-06,7.069192512528494e-06,0.4,18,8.77103832446444e-05,0.08505367464905036,7
miche_zhao,0.0074962518740629685,0.004497751124437781,0.0029985007496251873,0.3013721565613133,5.627816722269496e-07,0.000545136261429385,5.627816722269496e-07,1.385435469456918e-05,1.4026123004198863e-05,0.6666666666666666,2,0.00017575921154439438,0.06382978723404255,9
catherynnwoop,0.0239880059970015,0.01199400299850075,0.01199400299850075,0.24803397769402427,1.7937107003909163e-05,0.0006040157242512689,3.190822081862007e-05,1.1231858194642228e-06,1.1536680529860018e-06,0.7142857142857143,20,1.5204918088891405e-05,0.2292557741659538,9
esther17cer,0.15592203898050974,0.07796101949025487,0.07796101949025487,0.3466419656413831,0.0011844653230323025,0.00196264607564822,0.0012862329613691817,0.000962834059944396,0.0009605639629561246,0.5391872278664731,743,0.012109439322666305,0.27560465229451553,2
little__miller,0.1874062968515742,0.0944527736131934,0.09295352323838081,0.34979831990806953,0.0016193405453819453,0.0023962113865128015,0.0013459101435132402,5.3401654711608433e-05,5.397931944148401e-05,0.615463389656938,1202,0.000704465230248082,0.37033009942029854,9
mollyelizabeth.m,0.06746626686656672,0.035982008995502246,0.031484257871064465,0.3616132133268914,0.0021194189216939235,0.0010110486602728295,0.0018757012553988859,0.0011443889735873551,0.0014519485104742436,0.5733333333333334,172,0.018074666051660818,0.20218281036834926,4
oblivia_eberhart,0.14392803598200898,0.07646176911544228,0.06746626686656672,0.2819833606512806,0.0006026739186959976,0.0024509491265757395,0.0004656469153183333,6.929807530529114e-06,7.4039387585369974e-06,0.6198462613556953,887,9.256375703738643e-05,0.4346016794996387,0
nouveauxpossede,0.043478260869565216,0.022488755622188904,0.020989505247376312,0.2882054118571782,7.198822900201143e-05,0.000763706518213103,7.920731892815857e-05,6.101769385754412e-06,6.137004346901276e-06,0.6833333333333333,82,7.560974503392564e-05,0.32294288480154887,9
barillamn,0.10644677661169415,0.05397301349325337,0.05247376311844078,0.29685157421289354,0.0005220640139599645,0.0015343682631431062,0.0005546264333953834,1.163523164699506e-05,1.2366109749022641e-05,0.5079365079365079,320,0.00015902373603501012,0.27218934911242604,9
alexblumenstock,0.2608695652173913,0.13343328335832083,0.12743628185907047,0.3871211993292032,0.0006313351912799446,0.002606570711883009,0.000582310311491286,0.009273556901909702,0.009508611727912897,0.652014652014652,2670,0.11673529619210031,0.41593235583537785,1
alastairseed,0.035982008995502246,0.017991004497751123,0.017991004497751123,0.24756386022303484,1.288572886136807e-05,0.0007756166308697976,1.638335075481801e-05,8.777020644805235e-07,9.049591461018227e-07,0.7435897435897436,58,1.0970354940733673e-05,0.41304347826086957,0
jmangold11,0.2893553223388306,0.14392803598200898,0.1454272863568216,0.39748841343175034,0.006999951407038378,0.0028838476225844845,0.007261424706684674,0.009632271702517372,0.009705809172641001,0.5496020190254319,2831,0.11933872269003881,0.35830410819389535,1
zoey.dingman,0.06596701649175413,0.03298350824587706,0.03298350824587706,0.3524411566477959,0.0007363013445301617,0.001000459380612152,0.0008341954979700629,0.0006069960239256247,0.0005970462857477223,0.5584415584415584,129,0.007508211577386328,0.20845168396035013,4
eciprian,0.04947526236881559,0.025487256371814093,0.0239880059970015,0.2940447831014704,8.350880611190317e-05,0.0008109833566755432,0.00010828029960267976,9.47005728312749e-06,8.113830373914638e-06,0.5,68,0.0001277143016264229,0.30007186120521506,9
npopowics,0.1454272863568216,0.07496251874062969,0.0704647676161919,0.35843768565772,0.0015643704466389008,0.0018658502294150267,0.0017056258111209472,0.000983695623795204,0.0010266546460042424,0.548265460030166,727,0.012804711554827894,0.2703141225337487,2
theres_a_tong,0.12743628185907047,0.06446776611694152,0.06296851574212893,0.3606148333894897,0.0018263051461865404,0.0016230375259696497,0.00185793805432821,0.0018871435352493021,0.0018720139205247446,0.34249471458773784,324,0.023248720484374902,0.15594846753688868,2
jessie.yc.ou,0.12443778110944527,0.05997001499250375,0.06446776611694152,0.3318462719859583,0.0008397745976843785,0.0016456767814737934,0.0009352894488481162,0.0006690089335742748,0.0006177982314247813,0.5880398671096345,531,0.00770677141851826,0.3063457330415755,2
jacobasiazeller,0.035982008995502246,0.01649175412293853,0.019490254872563718,0.24709552147876118,0.00014516321266227103,0.0007712051554154227,0.0001784054324301915,1.0064993696301838e-06,7.022690224525781e-07,0.4380952380952381,46,8.824403924705087e-06,0.2707140129820542,0
talha_koch,0.2578710644677661,0.12893553223388304,0.12893553223388304,0.3855215249518098,0.0008399115503994692,0.0025433894168935575,0.0007772146037768775,0.009143573588102066,0.009265259934317368,0.6621224271585138,2477,0.1142069120279411,0.42245510014133547,1
whysample,0.24587706146926536,0.12293853073463268,0.12293853073463268,0.37532957659101485,0.0017990839125164215,0.0024648830171013327,0.0017374307654198866,0.008580143288800328,0.008549512878723955,0.6253305906553042,2128,0.10586546131558408,0.37263569878444996,1
l_ttang,0.14842578710644677,0.07196401799100449,0.07646176911544228,0.3413870691418535,0.0011350312564607902,0.0018392225746418306,0.001157337504011686,0.0008916049705580485,0.000813226911548488,0.5429864253393665,720,0.010174835979726767,0.2776154600663648,2
kaitluo,0.02848575712143928,0.014992503748125937,0.013493253373313342,0.3009555130268967,7.151820510043883e-05,0.0005864140706416241,9.716047742901541e-05,0.0003935263104688408,0.00042187690932873607,0.3333333333333333,15,0.005117569396258288,0.12510735757228744,4
just.in.casesilver,0.01649175412293853,0.0074962518740629685,0.008995502248875561,0.33838003278153667,2.3670736659913332e-05,0.000404444724079502,3.469587601878611e-05,0.00017964356035428885,0.00017808725523087038,0.6,9,0.002159880788988403,0.1363311920057102,2
scoobysnackdaph,0.24887556221889054,0.12443778110944527,0.12443778110944527,0.32817761973284715,0.0022010534936095336,0.0031002856086661565,0.0021903553501889344,4.547635943444805e-05,4.6000781032599794e-05,0.46012621916236374,1604,0.0006047455468098012,0.3049875613232261,9
conradmitchell465,0.28785607196401797,0.14842578710644677,0.1394302848575712,0.3889657315475675,0.0014717858107657583,0.0029250829595492264,0.0012919192215214458,0.009676660558875587,0.010081390032470822,0.5784158415841584,2921,0.12384169313819714,0.38331862886224544,1
willbrodner,0.3793103448275862,0.1889055472263868,0.19040479760119938,0.39628244130362,0.007656843155648041,0.003888148843294308,0.007143973528793963,0.010990026418862372,0.010915469179003778,0.43157105361829773,3453,0.13479146241265094,0.2981617015769997,1
genevievepc47,0.01199400299850075,0.005997001499250375,0.005997001499250375,0.28320618528550123,0.0017698276826376195,0.0007428740570683388,0.002119131739959238,3.3864876451950294e-06,3.4354457443737246e-06,0.3333333333333333,2,4.412356841916283e-05,0.09041095890410959,9
andiekolarova,0.013493253373313342,0.0074962518740629685,0.005997001499250375,0.30574600340279295,2.338720778797948e-06,0.0004106971883148004,2.7259129288845077e-06,0.00011343119127421685,0.0001239156878413839,0.7,7,0.0015856850344587974,0.21957040572792363,4
sexeialexei,0.029985007496251874,0.01649175412293853,0.013493253373313342,0.2661261056513308,0.0013988056403571292,0.0015368824103802353,0.0013084362432086141,1.4109626752894902e-05,1.3027308933270268e-05,0.8363636363636363,46,0.00017595310692492355,0.46733668341708545,8
gracialufreebush,0.15742128935532235,0.07946026986506746,0.07796101949025487,0.2846876474578753,0.0015377765993509587,0.0025306149706460545,0.0015267311176240072,7.224053331591128e-06,5.758771740342277e-06,0.5399129172714079,744,9.251158105271766e-05,0.38082576360863285,0
noidontpopmolly,0.06446776611694152,0.029985007496251874,0.034482758620689655,0.3439038774451637,0.0006425878166418196,0.0008712274404650739,0.0006128431165598543,0.00045786711981775314,0.00032357646258833554,0.5788177339901478,235,0.003981386311722235,0.26897417266662266,2
clamzhaoder,0.22488755622188905,0.10944527736131934,0.11544227886056971,0.3859772241538805,0.00060348300547712,0.0021837065502081985,0.0005911734196955069,0.00853585313668012,0.008115545789516716,0.7077922077922078,2071,0.10028431883576812,0.43308113435454887,1
tayl.or.bethany,0.008995502248875561,0.004497751124437781,0.004497751124437781,0.25681221520580644,0.0021637858227805716,0.0011541658923695341,0.0022157899400874646,1.7696512483364143e-06,1.7511356640581448e-06,0.6666666666666666,2,2.1701356485749497e-05,0.1111111111111111,3
lgreenwald47,0.08545727136431784,0.046476761619190406,0.038980509745127435,0.3545458541087762,0.007899303076551744,0.0012613522440604005,0.009061176731736051,0.0006827941536289234,0.0010091800947355123,0.3763440860215054,175,0.012261027391764762,0.15969472657370745,4
worldthe2joy,0.13193403298350825,0.06146926536731634,0.0704647676161919,0.3604158185807758,0.0021709440451985742,0.0016601233881394918,0.0021202503883300484,0.0006316044890356699,0.0005771959858719882,0.5328399629972248,576,0.007373682951978739,0.2808803443032755,2
nicfries8,0.004497751124437781,0.0029985007496251873,0.0014992503748125937,0.2824712211368364,0.0,0.0003523922088438286,0.0,6.1415949794204615e-06,0.00015776013474425865,1.0,1,0.0016698096561414586,0.043859649122807015,1
alexisreape,0.05547226386806597,0.0239880059970015,0.031484257871064465,0.2748625687156422,3.2726799965979924e-05,0.0007941225554537039,3.443202883359006e-05,7.0238944390611774e-06,5.4440015013392775e-06,0.6428571428571429,135,7.052644749130312e-05,0.2944559034939684,9
erinanncullen,0.09895052473763118,0.04947526236881559,0.04947526236881559,0.3399653634921217,0.0028806227693444716,0.0014641009043084565,0.0027890285528513817,3.0239070113133066e-05,2.7694982045731714e-05,0.4235294117647059,252,0.0003850180732027065,0.2765939220011565,9
rachelbarkin,0.026986506746626684,0.013493253373313342,0.013493253373313342,0.3306701079839827,4.330681444571204e-05,0.0005444383621427723,6.323033264622104e-05,0.0009308142257999508,0.0009236775262615262,0.6944444444444444,25,0.011538007485006491,0.33964879852125696,1
booneholliday,0.035982008995502246,0.017991004497751123,0.017991004497751123,0.32218720437511883,0.0002029410681198236,0.0006471232896414066,0.00025584412734280424,0.0006378095855028387,0.0006289875687544713,0.3333333333333333,22,0.007914106363760899,0.15679574791192102,1
collinbarack,0.08245877061469264,0.043478260869565216,0.038980509745127435,0.31888352698650674,0.0057821967385231,0.001532217584450114,0.005720901425652271,8.298108079584468e-06,8.612301856507998e-06,0.5096774193548387,237,0.00010736416436027792,0.35093484419263454,0
_annapauline__,0.1409295352323838,0.06896551724137931,0.07196401799100449,0.3345663233956792,0.003159359458684431,0.0019698751514327342,0.0029748422018430454,3.5454538048356726e-05,3.289676496074557e-05,0.6205673758865248,700,0.0004528180496237465,0.3773676341702325,9
kyle.ockerman,0.21139430284857572,0.10794602698650674,0.10344827586206896,0.4099645092707883,0.0066741953928537105,0.0022465007447201534,0.005748044021112047,0.007260292009849591,0.0074803084449323815,0.6442161339421614,1693,0.09194087851729997,0.3840187998455537,1
heezybreezybeautifulxlovergirl,0.09745127436281859,0.04947526236881559,0.047976011994003,0.30333184545674213,0.0010926060819937008,0.0014743794868789309,0.0011780833835390312,1.4013626262837629e-05,1.4214327386672735e-05,0.5321969696969697,281,0.00019021394920549524,0.2811451691377942,9
elisekohl13,0.10344827586206896,0.050974512743628186,0.05247376311844078,0.2800486549178241,0.00017695617268786065,0.0018341487169290735,0.0001589483793676179,6.544212626343113e-06,6.4084343587150295e-06,0.6770981507823614,476,8.239609145580563e-05,0.4374577924514144,0
christina__shin,0.12293853073463268,0.06296851574212893,0.05997001499250375,0.3426408516623115,0.00042608237195051996,0.0015964951978330718,0.0004499448143330387,0.0008471441174557839,0.0008600030731529793,0.6301218161683277,569,0.010792664768578977,0.3006853795182436,2
meggandcheese,0.017991004497751123,0.008995502248875561,0.008995502248875561,0.28382158334131496,8.001176547308954e-05,0.00047672191731473854,8.930435333905932e-05,1.6201337025128946e-06,1.5916256105361368e-06,0.5333333333333333,8,2.089359456000697e-05,0.1623155505107832,9
cassiegiles3,0.15592203898050974,0.07946026986506746,0.07646176911544228,0.28259345013776105,0.0005682376519812073,0.0026541635497882242,0.0004367424776879857,5.734320921506835e-06,5.584076340593178e-06,0.6356902356902356,944,7.463676418669493e-05,0.4479895478466855,0
officialness13,0.0029985007496251873,0.0014992503748125937,0.0014992503748125937,0.23274179018829858,0.0,0.0004978346925270539,0.0,6.660220076931114e-08,6.592861890177953e-08,0.0,0,8.309790683401629e-07,0.0,7
devilswhonap,0.0239880059970015,0.0074962518740629685,0.01649175412293853,0.2879512624640061,0.00021675892653255353,0.00041994958783679083,0.0003166430869749927,0.00028671050776248426,6.606777761464745e-05,0.2,11,0.0008379849378435772,0.09225092250922509,4
doublegma,0.020989505247376312,0.010494752623688156,0.010494752623688156,0.3070397100462463,0.0005849080830218691,0.0011565769437333984,0.0005802605609435461,5.324672698784207e-06,5.144059250745948e-06,0.9047619047619048,19,6.725921802303653e-05,0.2568306010928962,7
hannahgenender,0.09895052473763118,0.04947526236881559,0.04947526236881559,0.3355978742386258,0.0005503117453476232,0.0012997660253628042,0.0005985630053689501,0.0007996754814318357,0.0007783925629431252,0.6084033613445378,362,0.009616312936777996,0.27148460715559253,2
lyndonrainey,0.06146926536731634,0.034482758620689655,0.026986506746626684,0.27825882542324915,9.675438601800088e-05,0.0011541339955799246,5.4046068307456815e-05,3.3400901940853295e-06,5.0990914183360764e-06,0.7037037037037037,247,6.360518778203508e-05,0.4880636604774536,0
aishunag27,0.08845577211394302,0.04047976011994003,0.047976011994003,0.35206116618240746,0.0030153767132923494,0.00114380403880596,0.0032085165869245235,0.001381264575095323,0.001285128190993688,0.2803030303030303,148,0.01602420118003666,0.13093145869947276,2
sawlyons,0.22188905547226387,0.11244377811094453,0.10944527736131934,0.3803572878674233,0.0018139246683164028,0.0023278525247305342,0.0017697090922321331,0.007484577538871367,0.007534218851211496,0.6165413533834586,1804,0.09252926471660078,0.37443323829739134,1
kendontharp,0.1184407796101949,0.05697151424287856,0.06146926536731634,0.2807710504163224,0.0002997285014077097,0.0018889162670038392,0.000199143046289952,5.088005688982444e-06,6.32282256735496e-06,0.6947271045328399,751,8.102918650598972e-05,0.47871044225639675,0
raruller,0.06296851574212893,0.037481259370314844,0.025487256371814093,0.2781403165538185,0.00026472576109333207,0.0013712529173650783,0.00026662138109773094,3.1669981994676078e-06,3.60587783507687e-06,0.7606837606837606,267,4.6233518894705086e-05,0.5078986587183308,0
itskellyrac,0.008995502248875561,0.004497751124437781,0.004497751124437781,0.26930864464674875,0.0,0.00033536362333819506,0.0,1.6369895493728733e-06,1.654544504948664e-06,1.0,3,2.161118139823928e-05,0.4503311258278146,9
winstonyau99,0.3193403298350824,0.16041979010494753,0.15892053973013492,0.40437985341694477,0.016803284299137085,0.0033999025334747524,0.017963583234090138,0.009145958372912823,0.00929982508154093,0.4336095926644331,2459,0.11455840487617898,0.28293151715204945,1
jenny.jy.shang,0.15142428785607195,0.07796101949025487,0.07346326836581708,0.3496110617068339,0.0016731937271785822,0.0021130698481321227,0.001926521154403517,0.0005461993107938506,0.0006065592905656098,0.49696969696969695,738,0.00757063391905086,0.27826859634967166,2
wa.ng,0.17541229385307347,0.08995502248875561,0.08545727136431784,0.3673079095997558,0.0010784069917827933,0.0018900027486562386,0.001080632315877817,0.0058419233950438255,0.006080288116367374,0.6056497175141243,1072,0.07464397060236977,0.3539005282241173,1
schooz,0.0944527736131934,0.05247376311844078,0.041979010494752625,0.2813758997278612,0.0014059025315371243,0.0018464769218781091,0.0014829014278557593,4.206070283590568e-06,6.339341393377736e-06,0.6386913229018493,449,8.049392109060275e-05,0.44660708876098154,0
emndms,0.1394302848575712,0.0704647676161919,0.06896551724137931,0.3151898953997904,0.0029425997383209835,0.002002960759900306,0.0029965322985740736,2.426630191523313e-05,2.4669693918383313e-05,0.4838112858464385,523,0.0003304483828645451,0.30502666515375015,9
dukegreekally,0.038980509745127435,0.01199400299850075,0.026986506746626684,0.36855161583993556,0.0022275732482526594,0.000510147812584096,0.001991031000466368,0.0009700016104220412,0.0005597112334743192,0.2875816993464052,44,0.006832566675110954,0.14165649993222176,1
allisonjames017,0.11244377811094453,0.05697151424287856,0.05547226386806597,0.36221489920597105,0.0004569888281439171,0.0012971155352810568,0.00046680670642786315,0.003640365330560829,0.0037688666090253953,0.5357624831309041,397,0.04631532122394888,0.31988308749104394,1
jingliu8796,0.05997001499250375,0.03298350824587706,0.026986506746626684,0.2896112919150181,2.326427412131348e-05,0.0009333657000518026,3.0512473594617145e-05,0.00022571681402228794,0.0002865175716769784,0.7965367965367965,184,0.0033771252997949505,0.41581564095673207,2
makcollins,0.23238380809595202,0.1184407796101949,0.11394302848575712,0.33050276481192603,0.0023844917289326437,0.003059056192533592,0.002396751532575682,3.8592961415931336e-05,3.872390716289622e-05,0.4803635183382019,1480,0.0005214190441236393,0.3070450247763276,9
psychoish,0.026986506746626684,0.013493253373313342,0.013493253373313342,0.30819889724793104,2.1522422525973477e-05,0.0005885999280080212,2.483116321203976e-05,1.5164816163312355e-05,1.38677767243396e-05,0.75,27,0.00019496917030117038,0.2869645324735145,9
julzsaltz,0.11094452773613193,0.05247376311844078,0.05847076461769115,0.3130745269742885,0.00016774616433508753,0.0014278393250297383,0.00018128479678682042,2.3706476647803197e-05,2.1611065336719938e-05,0.6963562753036437,516,0.00028795597047444045,0.39306885544915643,9
guitartist42,0.18440779610194902,0.0914542728635682,0.09295352323838081,0.3483058470764617,0.0017226586254061092,0.0022586622341461055,0.001738239447063994,0.0010463178656059352,0.0010292963588800544,0.4997355896351137,945,0.012935721941429702,0.27233733187931664,2
mirza9,0.22488755622188905,0.11394302848575712,0.11094452773613193,0.3551242323373387,0.005378705796594729,0.0029262580182602606,0.004648974547114244,5.1173104788128796e-05,5.404294700016196e-05,0.5119298245614035,1459,0.0007132751322565446,0.31923088293051677,9
michaelmdodd,0.08245877061469264,0.04047976011994003,0.041979010494752625,0.3293360883854593,0.0002784497718790538,0.0011685186100284968,0.0003583311397072721,0.0006106021269380399,0.0006039831564020592,0.6164021164021164,233,0.007449701465004401,0.2433225833126602,4
myacarrizosa,0.0029985007496251873,0.0014992503748125937,0.0014992503748125937,0.2223607297474858,0.0,0.0004756677295024277,0.0,1.6412679290458463e-08,1.7842476307350936e-09,0.0,0,2.156333030618331e-07,0.0,9
cathylee135,0.136431784107946,0.06896551724137931,0.06746626686656672,0.36221489920597105,0.0026166108947583712,0.0017996139976766854,0.003340863862923436,0.0009067758549977137,0.0009077048081891128,0.5664893617021277,639,0.01145329218420259,0.27797362579971274,2
india.hannah,0.0944527736131934,0.047976011994003,0.046476761619190406,0.34318101065074397,0.0006048157558872952,0.0013600518808224201,0.0007227995789740466,0.0006485529542125587,0.0006826843813931814,0.5383064516129032,267,0.008229001951596362,0.21198112908843364,4
luckylogan11,0.06146926536731634,0.031484257871064465,0.029985007496251874,0.27802190858593695,0.00029287500973509457,0.0010839784598373758,0.0003126261235032487,3.163597807751432e-06,3.4146954601841294e-06,0.6623376623376623,153,4.1696941987009807e-05,0.4237091919425793,0
kaylee.smith.16,0.06896551724137931,0.034482758620689655,0.034482758620689655,0.2487898907689013,4.971620947530404e-05,0.0011922705318451051,4.151329557239728e-05,1.7318597552962181e-06,1.945795394513468e-06,0.7333333333333333,220,2.2718982800682543e-05,0.4694932174525809,0
lancerili,0.25037481259370314,0.13043478260869565,0.1199400299850075,0.3634242978677606,0.001663689478932846,0.0026399836660120283,0.0016890402198003534,0.008094321059774897,0.008666942419552686,0.5438202247191011,2178,0.10674798261223288,0.34969882059925694,1
ofievelmyfievel,0.01649175412293853,0.0074962518740629685,0.008995502248875561,0.270872444325328,0.004080270545455096,0.0007624617664111774,0.004132135474615599,1.2821473592483267e-06,1.1671554310431252e-06,0.2,3,1.6091248328173487e-05,0.07719298245614035,9
nisha_patel25,0.12593703148425786,0.06296851574212893,0.06296851574212893,0.3209206207706958,0.0005649885727175697,0.0017036281564622002,0.0007073225388962501,2.0470785828652945e-05,2.0380395818709404e-05,0.6469221835075494,557,0.000273741401895975,0.3452914798206278,9
bhoagsbarandgrill,0.08695652173913043,0.043478260869565216,0.043478260869565216,0.3375056657717653,2.579604273545204e-05,0.0009965216983621131,3.444023476190171e-05,0.003396866117951436,0.003417343291449391,0.8817733990147784,358,0.04205345581488785,0.4875275892225045,1
gabe_shiu,0.13343328335832083,0.06446776611694152,0.06896551724137931,0.28125472147647107,0.0010397806671069237,0.002289511816527788,0.0008491505242655846,7.080164196815516e-06,6.622345946982623e-06,0.513413506012951,555,8.462558388633611e-05,0.3581787049655799,0
marc.chmielewski,0.11394302848575712,0.04947526236881559,0.06446776611694152,0.33050276481192603,0.0009323848889528497,0.0012601768394643294,0.0009657093935437192,0.0023161126037533077,0.0018191136511082685,0.3333333333333333,301,0.02255068029419309,0.153776310359059,4
thatsknottmyjob,0.2083958020989505,0.10644677661169415,0.10194902548725637,0.3788129137287505,0.0008623369377752653,0.0021597454586963615,0.000844004368979134,0.0072614318306749685,0.0075698799751189256,0.6559356136820925,1630,0.09365009342167029,0.4079214270530461,1
logandiener,0.005997001499250375,0.0029985007496251873,0.0029985007496251873,0.27509412943065115,0.000736056707367563,0.0003390400145281288,0.000860720021854084,2.002083193893569e-05,1.9949222746027767e-05,0.0,0,0.0002461753826910567,0.0,0
wiebemakingithappen,0.02848575712143928,0.013493253373313342,0.014992503748125937,0.25671126700800545,0.00026409913910768637,0.0007251082701204399,0.000503822492769813,1.5615015014328142e-06,1.6214311647058986e-06,0.4222222222222222,19,2.16047825064832e-05,0.13467561521252797,9
gaby__reiter,0.13043478260869565,0.06896551724137931,0.06146926536731634,0.32330369468730985,0.00031740992840432103,0.0018168399493657644,0.00031647004953068664,2.8280394498186065e-05,3.3758622129784474e-05,0.6463768115942029,669,0.0004454713292959666,0.38515193370165746,9
professorguo,0.1649175412293853,0.08545727136431784,0.07946026986506746,0.3723337874962177,0.0002820473207287389,0.001745001392427174,0.00028190256683622677,0.006090101297910029,0.006499156323826098,0.7755595886267392,1282,0.07997659962713556,0.4623728994969496,1
a.ustinhua,0.10194902548725637,0.047976011994003,0.05397301349325337,0.39460632221653524,0.017176531905501047,0.0016964225936139778,0.017740923444576798,0.0005947534071457784,0.0005746253465773639,0.3396825396825397,214,0.00718771402883592,0.1652658053698489,2
vedderrise,0.2893553223388306,0.14392803598200898,0.1454272863568216,0.38850295256892675,0.0017353512592518314,0.0028181146686684353,0.0015821539561698215,0.009844210551863474,0.009850829853314804,0.5738691516210445,2956,0.12115319923907901,0.38046235327274525,1
sushionthemoon,0.005997001499250375,0.0029985007496251873,0.0029985007496251873,0.21682385898684123,0.0,0.0004255185871025065,0.0,3.5863127306895084e-08,3.6472668709653235e-08,1.0,1,4.896549016976529e-07,0.16666666666666666,9
garrett_post,0.14992503748125938,0.07646176911544228,0.07346326836581708,0.3634242978677606,0.000554403647978725,0.0016545189759732929,0.0005377788612930155,0.004980630297434987,0.005105874295750817,0.6108597285067874,810,0.062061725437692276,0.3515454575964023,1
elainec6,0.08695652173913043,0.041979010494752625,0.04497751124437781,0.39484489919490073,0.0020867163336853855,0.0011617198776321504,0.001852602514720269,0.001976999285825328,0.0017009066705335695,0.3954022988505747,172,0.021433337999515488,0.1791846871922237,1
that1dancer,0.017991004497751123,0.008995502248875561,0.008995502248875561,0.3044631530388652,0.0001836176092328833,0.0009006059514445524,0.0001604254334622418,5.3217885898962486e-06,5.0487341397789865e-06,0.9047619047619048,19,6.248773850779059e-05,0.2568306010928962,7
jenson.cole,0.07796101949025487,0.04047976011994003,0.037481259370314844,0.3572611943481213,0.0008217995996405959,0.0011579066780902836,0.0008834563919870193,0.0008902121948872135,0.0010381390573166221,0.6011396011396012,211,0.012518429020089091,0.21361576562335335,4
landonnnnb,0.095952023988006,0.047976011994003,0.047976011994003,0.3401424287856072,0.0004920580652429675,0.001325152166484734,0.0004529425833912664,3.4396901165762876e-05,3.46671306089899e-05,0.6955645161290323,345,0.0004467547741459324,0.38767044912749116,9
_danapark,0.1169415292353823,0.05847076461769115,0.05847076461769115,0.3716980439774421,0.0013646160203987952,0.001519600182379082,0.0014448633182922563,0.0016682325671925327,0.0016747007428100633,0.4205128205128205,328,0.0206208521401888,0.16171430190068833,4
shesdoingherbestok,0.08395802098950525,0.04047976011994003,0.043478260869565216,0.3499857788147727,0.0008035963295156154,0.0012501872251245055,0.0008553559197986921,0.0011631251808704394,0.0008361318397132509,0.5440860215053763,253,0.010204490692044602,0.1974532347601884,4
annag.g,0.2788605697151424,0.1394302848575712,0.1394302848575712,0.3320149787841209,0.004097409711630235,0.003577260655384174,0.0039421599704278125,4.433550649773203e-05,4.5077937023624764e-05,0.4214586255259467,1803,0.0005959824115711376,0.28401501560356396,9
maddiewooood,0.03298350824587706,0.01649175412293853,0.01649175412293853,0.23117644717464275,0.0001152205507551577,0.0015801272766193739,0.00014231063769905715,2.038733246495341e-06,2.1268032215778665e-06,0.8181818181818182,45,2.686962989559698e-05,0.5934959349593496,8
megan_zheng_,0.17841079460269865,0.08995502248875561,0.08845577211394302,0.3600184472262215,0.004154851220136817,0.0022698738562507764,0.004369575488569503,0.0018688769532245275,0.0019193374631721117,0.28700564971751413,508,0.02338502290168675,0.12470683435969881,4
claraa_now,0.07646176911544228,0.038980509745127435,0.037481259370314844,0.35282196827032186,0.014298319107707489,0.0012046667086412683,0.015385943111881127,2.0342007555551805e-05,2.7042501631138615e-05,0.5384615384615384,175,0.00026975355754611894,0.28258675298458114,9
aleksandra_maria7,0.07496251874062969,0.034482758620689655,0.04047976011994003,0.34979831990806953,0.00030427863961993336,0.0010253504580593794,0.00032095796366589336,0.0008337169726047765,0.0007803206923306579,0.6182336182336182,217,0.009531143818420774,0.22516685531400024,4
editorialreply,0.07646176911544228,0.041979010494752625,0.034482758620689655,0.31872789812999797,0.0105314578674364,0.0014366768615398878,0.01199304993435771,1.854961356394473e-05,6.6168546884567025e-06,0.5037878787878788,266,8.220433944613467e-05,0.3235666609618347,0
vicmicalizzi,0.13193403298350825,0.06446776611694152,0.06746626686656672,0.2964473278567253,0.003752001493794455,0.0020674840800457865,0.0036405155971944224,1.4132356315769788e-05,1.3541266498279373e-05,0.37373737373737376,370,0.00017692056718760313,0.2182235606309073,9
its_knott_zach,0.025487256371814093,0.01199400299850075,0.013493253373313342,0.2977991168574399,6.090509423493131e-05,0.0005364618007507601,8.064045398130823e-05,0.0003151407357831841,0.0002473512760779841,0.2222222222222222,8,0.0029762465481259093,0.08598726114649681,4
jaymartyabo,0.020989505247376312,0.010494752623688156,0.010494752623688156,0.30220891405292266,3.1738105075887675e-05,0.0005489414316584813,5.444043371559462e-05,0.0005013032204364421,0.0005120843659659393,0.7142857142857143,20,0.006147914563952985,0.2839176829268293,1
josie3coffee,0.05697151424287856,0.026986506746626684,0.029985007496251874,0.3171799238797309,0.0022556245632880403,0.001143447037689349,0.0022875606520540697,8.119478642554341e-06,7.999738255609949e-06,0.5428571428571428,114,9.977815571175685e-05,0.31580313121702275,0
c.jjackson,0.14992503748125938,0.07196401799100449,0.07796101949025487,0.34756437640679394,0.00021837672066102326,0.001522597991226333,0.0002426648989601708,0.005502259016567501,0.0050702767702321665,0.7549019607843137,1001,0.06240377797446325,0.44137964926075174,1
car0linebutler,0.07496251874062969,0.037481259370314844,0.037481259370314844,0.33961178537096504,0.0004615000937380841,0.0011366330525271972,0.0003504129294100707,3.7008446373206385e-05,3.54951110463439e-05,0.7066666666666667,212,0.00047607334808732305,0.37433847748047816,9
sjg452,0.11244377811094453,0.050974512743628186,0.06146926536731634,0.39556236418435237,0.004750633238470476,0.0013196981723823588,0.004327547152181016,0.0027444936088421596,0.0022203312062404183,0.3635307781649245,313,0.02682211437576748,0.18238295286685594,1
my_palmal,0.16941529235382308,0.08545727136431784,0.08395802098950525,0.3794732500106716,0.0010496230399949873,0.0017843393994030666,0.0010573211361376653,0.005796293119611653,0.00603867198595249,0.6231094978826376,1030,0.07444704022673299,0.3703172989019342,1
trudytz,0.10344827586206896,0.050974512743628186,0.05247376311844078,0.3566758401247219,0.005111720817378958,0.001326211134385086,0.004856937347742619,0.002251523259239945,0.002121578381806305,0.47058823529411764,280,0.026384592727174163,0.2097913181297878,4
ellie.k.kim,0.01649175412293853,0.008995502248875561,0.0074962518740629685,0.3177973057266987,0.0029790454152043124,0.0006605968339847941,0.0029815734822093536,0.00019916373827131407,0.00023654682831795307,0.3333333333333333,5,0.002696166433249147,0.12985359643539146,2
abby_fergus,0.05247376311844078,0.026986506746626684,0.025487256371814093,0.2894829181154104,2.1478450174615318e-05,0.0008630581570899198,2.4073411786084352e-05,6.43129580385972e-06,7.518427714516486e-06,0.7254901960784313,111,9.962663340549929e-05,0.3261017461637312,9
lordhavemorcy,0.10494752623688156,0.05547226386806597,0.04947526236881559,0.4033807679236355,0.005004972581538761,0.001511239635909176,0.004528221419086666,0.0018612267316241596,0.002197888483856677,0.3258258258258258,217,0.026842182943982256,0.15360101975780752,1
squirrelsofdook,0.11244377811094453,0.035982008995502246,0.07646176911544228,0.3340529223879109,0.0017699441323650767,0.001001827077365947,0.002071054835938561,0.0027492301248510168,0.0013179916323442684,0.26936026936026936,400,0.01598571419727101,0.15361830685251254,4
beeeef.stew,0.031484257871064465,0.013493253373313342,0.017991004497751123,0.27521005616028904,0.0019411197007757372,0.0007762331254858726,0.001842178572439271,4.216059612998828e-06,3.1485676689327313e-06,0.3787878787878788,25,4.218178595113508e-05,0.23511391920352287,9
carr.polly,0.0704647676161919,0.034482758620689655,0.035982008995502246,0.3006783900867246,0.0003037825118357635,0.0010511004247528751,0.0003923344823735132,1.1483937461554533e-05,1.0523775102116055e-05,0.6159420289855072,170,0.00014163252567316015,0.3026619062683599,9
thienxhoang,0.191904047976012,0.095952023988006,0.095952023988006,0.37706320050136594,0.003987458453837708,0.0023730648390895767,0.003884941901256477,0.0010709991483428055,0.0010770423665600432,0.47836538461538464,995,0.013418725031511312,0.25258765031204017,2
andrewdoesstuff4,0.08245877061469264,0.04497751124437781,0.037481259370314844,0.27944949219870163,8.980072295583155e-05,0.0016141975255647904,8.978282804465676e-05,2.1420727745461943e-06,5.7625985556109425e-06,0.7254901960784313,407,7.380713182008197e-05,0.4972621492128679,0
akek_,0.2353823088455772,0.1184407796101949,0.1169415292353823,0.39129626319254995,0.00548874101154401,0.0027862947752942853,0.005418082325341165,0.004791760132196586,0.004643251988168914,0.33247274813539873,1159,0.05682804050265045,0.18082441220007053,4
cole_honeycutt,0.07496251874062969,0.037481259370314844,0.037481259370314844,0.3373313343328336,0.00035868639155186264,0.0010332795019417226,0.0003978172364902299,0.0011138801719885137,0.0011004745498541502,0.46153846153846156,150,0.013485163284390091,0.17987225962368375,4
__mlilli,0.10044977511244378,0.050974512743628186,0.04947526236881559,0.27992861691743065,9.712200483859477e-05,0.0017985977098407626,6.31371219577986e-05,4.488957061244883e-06,4.4955570766805735e-06,0.7957957957957958,530,5.874408109135835e-05,0.5401263332297815,0
mira_beans,0.008995502248875561,0.004497751124437781,0.004497751124437781,0.2458860930980293,0.0,0.0004071808203900543,0.0,6.331976222275599e-07,6.379182936500094e-07,1.0,3,8.439556148099092e-06,0.2,9
cliodhnawl,0.0029985007496251873,0.0014992503748125937,0.0014992503748125937,0.18995737733227627,0.0,0.0005186365901097491,0.0,8.3667308577501e-10,1.0291532861859917e-09,0.0,0,1.326254745423848e-08,0.0,3
nickmanpickman,0.019490254872563718,0.0074962518740629685,0.01199400299850075,0.23068649356000206,0.0005904205951473761,0.000885890965808635,0.0005494092204598953,3.0982590889740602e-06,1.4244292054294847e-06,0.6428571428571429,18,1.6425923697353427e-05,0.43714285714285717,8
lmcclllnd,0.12893553223388304,0.07646176911544228,0.05247376311844078,0.2823490978246285,0.0006324020441950939,0.002483065972376991,0.0006209200651872003,6.417521561997616e-06,7.604391674555534e-06,0.6116138763197587,811,9.554219046404464e-05,0.4232118469324907,0
ariscumara,0.0074962518740629685,0.0029985007496251873,0.004497751124437781,0.2827157849646605,0.0,0.00029784928411945093,0.0,1.738976005050679e-06,1.3839556920225133e-06,1.0,3,1.838381479855104e-05,0.38961038961038963,9
haley.richards_,0.07496251874062969,0.035982008995502246,0.038980509745127435,0.24897958950376128,8.716011905009389e-05,0.0012839932983544,8.181988344060409e-05,2.1219750154703246e-06,2.047350390205284e-06,0.5494252873563218,239,2.3487342370790895e-05,0.3683611052520565,0
mccabe3921,0.022488755622188904,0.01199400299850075,0.010494752623688156,0.24662895138533453,6.364175334450906e-06,0.0005886487049134247,6.274638333569703e-06,6.330023270050479e-07,6.845680944603704e-07,0.6785714285714286,19,8.30444388678426e-06,0.32511978097193706,0
yoshikours,0.035982008995502246,0.01649175412293853,0.019490254872563718,0.2773135725131065,7.282135103141075e-05,0.0006844931502106148,0.00011445536585942435,9.5120384977113e-07,2.420695401402379e-06,0.6405228758169934,98,5.114081185366543e-05,0.42937165124208476,0
connor_huston,0.11094452773613193,0.04047976011994003,0.0704647676161919,0.2787338725003696,0.0011459678125936357,0.001428831187184344,0.0009941777522276102,6.842660150331563e-06,5.290704262206786e-06,0.5596669750231268,605,6.510440667248293e-05,0.40373091376917086,0
imalittleman_ish,0.34182908545727136,0.17391304347826086,0.1679160419790105,0.43918861013340005,0.06740263340968032,0.003960104564045061,0.06732498252985968,0.009509652235911287,0.00977692353972054,0.3950524737631184,2635,0.12082974388994237,0.26254441410248774,1
ty.rain_,0.0029985007496251873,0.0014992503748125937,0.0014992503748125937,0.2223607297474858,0.0,0.0004756677295024277,0.0,1.6412679290458463e-08,1.7842476307350936e-09,0.0,0,2.156333030618331e-07,0.0,9
polypeoplearehot,0.008995502248875561,0.004497751124437781,0.004497751124437781,0.266343174253004,9.129111244720107e-07,0.00040335158174893964,1.8009013511262383e-06,1.451344949240483e-06,1.0740703338099938e-06,0.8333333333333334,5,1.4224345872639824e-05,0.3201267828843106,9
lizkrogs,0.07346326836581708,0.037481259370314844,0.035982008995502246,0.3413870691418535,0.0005452421096450994,0.0010369292721389707,0.0006692302098755957,0.0011001868532624715,0.001162103309914624,0.33,99,0.013852651852975004,0.13817637829751522,4
meghan.doyle,0.08095952023988005,0.04047976011994003,0.04047976011994003,0.31579954703499313,0.0001998056872573415,0.0011861024725023672,0.00023143576655968183,0.0004818652772589029,0.000477186453800109,0.6695156695156695,235,0.005948935724603094,0.269481302774427,4
joserivera215,0.23088455772113942,0.11394302848575712,0.1169415292353823,0.3929443220627953,0.009635453953674407,0.0028696499950747875,0.009144477608780968,0.003014616928075994,0.003003354261971298,0.24420355314664258,811,0.037058851306242306,0.11647103233808488,4
elizabethyzhang,0.034482758620689655,0.013493253373313342,0.020989505247376312,0.35416131413685786,0.004332389825129391,0.0006572521711973706,0.004890122162801029,0.0007698010207307222,0.00034913057891853476,0.3516483516483517,32,0.004412295661843927,0.13125568698817106,2
luisantillon14,0.05247376311844078,0.025487256371814093,0.026986506746626684,0.3440850702151559,0.0006404616517070753,0.0008287500395607218,0.0007770883427694977,0.0010122841284693983,0.0009469692918617786,0.35947712418300654,55,0.011719355759385054,0.15470995893223818,4
the.brook.report,0.038980509745127435,0.020989505247376312,0.017991004497751123,0.27428536886533633,7.88211046389405e-05,0.0007923566621692382,0.00010453768358589045,3.965428484851345e-06,4.576427479177216e-06,0.37362637362637363,34,6.106482707799494e-05,0.20604575163398692,9
clemsonkeri,0.005997001499250375,0.0029985007496251873,0.0029985007496251873,0.24304929782968585,0.0,0.0004033487182031244,0.0,1.6187109793995364e-07,1.6722660332629333e-07,1.0,1,2.057726760518096e-06,0.020833333333333332,0
minhanhtoo,0.0029985007496251873,0.0014992503748125937,0.0014992503748125937,0.24063134239807143,0.0,0.00033924959220174843,0.0,3.323914648137616e-06,2.8151376979370838e-06,0.0,0,3.8088942909865826e-05,0.0,2
ad_deca,0.05997001499250375,0.020989505247376312,0.038980509745127435,0.2894829181154104,0.000175466465203235,0.0007421454562669316,0.00016792431434819297,1.0645851466580249e-05,5.8221044845181295e-06,0.5107692307692308,166,7.714908726939102e-05,0.28731612756091074,9
tanyakureishi,0.10494752623688156,0.05247376311844078,0.05247376311844078,0.30819889724793104,0.007807488041217705,0.0018990724541030797,0.007693480176733772,1.3581987843205767e-05,1.1705191188810713e-05,0.46218487394957986,275,0.000181967529471194,0.2608736762481089,9
sarahxbernal,0.05547226386806597,0.026986506746626684,0.02848575712143928,0.3466419656413831,0.005716706693864401,0.0012536487959187654,0.005791140165559378,0.0014071500351806629,0.0014184458281342183,0.4093567251461988,70,0.01734529377440815,0.22010481181515007,1
bakanyon,0.12893553223388304,0.06446776611694152,0.06446776611694152,0.3306701079839827,0.00042669302007269813,0.0016975164507673133,0.00042173172463513727,0.000541958426579874,0.0005382394558028201,0.6301218161683277,569,0.006766730122228195,0.34116600457076246,2
taliyahh,0.10794602698650674,0.050974512743628186,0.05697151424287856,0.3182619216707436,0.0031425926879357553,0.0014679442971883435,0.003193762930730823,0.0003701103637589745,0.0003305361961374658,0.5290148448043185,392,0.004193090457105361,0.29486159386909,2
justforpeaches,0.034482758620689655,0.01649175412293853,0.017991004497751123,0.3426408516623115,0.00024610214542617414,0.0006143757110105266,0.0002626235664508842,0.00022508114546231499,0.00021735148308118138,0.6818181818181818,45,0.0026595343959819866,0.22682215743440234,2
s.jaspal14,0.01199400299850075,0.005997001499250375,0.005997001499250375,0.29985007496251875,0.0,0.0004703669285925523,0.0,6.314877017124362e-05,6.21309116724734e-05,1.0,6,0.000786353093070122,0.09859154929577464,2
candi.sheehan,0.07346326836581708,0.038980509745127435,0.034482758620689655,0.39106195405291366,0.004783133992442052,0.0012969018497967296,0.0046044205182353545,0.0010469331212551287,0.0009277611899401328,0.27635327635327633,97,0.011702116825342633,0.1115819669459204,4
nicocrino,0.3028485757121439,0.14842578710644677,0.15442278860569714,0.3889657315475675,0.002395273135287225,0.0029279381886046963,0.0021607091227601074,0.01044431426220307,0.010070346057384305,0.5842046303211351,3129,0.12420284075845706,0.38751623202616103,1
ton.czh,0.14392803598200898,0.06896551724137931,0.07496251874062969,0.3318462719859583,0.0016654503323572302,0.0017761468569102402,0.0017068116395694863,0.0007572659851372944,0.0006745402509632663,0.4818577648766328,664,0.008368891241254808,0.2606443613383197,2
mollymakowiec,0.043478260869565216,0.020989505247376312,0.022488755622188904,0.2697535990369128,0.00011642398004404464,0.0008100500898099093,0.00019710193034510882,4.426297493223314e-06,4.344350227166246e-06,0.6833333333333333,82,5.9422598552677354e-05,0.31454081632653064,9
poofi02,0.019490254872563718,0.008995502248875561,0.010494752623688156,0.3115808507959761,5.539004748368764e-05,0.0005140418338835555,8.079330013457112e-05,0.00010071847609078257,9.282725111566912e-05,0.6190476190476191,13,0.0011143347058483542,0.17098445595854922,2
avavaxu,0.1664167916041979,0.08545727136431784,0.08095952023988005,0.34979831990806953,0.0018301762784056815,0.0021901200722897795,0.0017971068054090824,0.0008959107126473514,0.0009485444532545237,0.48370927318295737,772,0.0116137817843065,0.24594725772528717,2
ashleytheproducer,0.17691154422788605,0.09895052473763118,0.07796101949025487,0.3226647545792321,0.0012065250776261557,0.0025927182912675074,0.0012156292075636314,2.678617579271028e-05,3.4187993857495e-05,0.5165501165501165,1108,0.0004578100152083423,0.3260811671394662,9
lauraewu,0.035982008995502246,0.017991004497751123,0.017991004497751123,0.2558062919186705,0.0022509052320766765,0.0012771861349191933,0.0025586018595069988,1.2981999716395216e-06,1.3850487968119608e-06,0.36363636363636365,24,1.8102821858354623e-05,0.12255920232654757,9
mle_quinn,0.0029985007496251873,0.0014992503748125937,0.0014992503748125937,0.17669736560291283,0.0,0.0006115911852332498,0.0,7.126629990875295e-10,7.025494577985683e-10,0.0,0,8.79058668512129e-09,0.0,3
bradenhoagland,0.1829085457271364,0.09295352323838081,0.08995502248875561,0.35589834510537643,0.0002763509688120533,0.0018866905267190853,0.0003134077090458482,0.00634030381078924,0.006641723377297551,0.7366472765732417,1393,0.08181317449029857,0.4316600086634259,1
apoutfitarchive,0.004497751124437781,0.004497751124437781,0.0,0.24118334794311239,0.0,0.0005490046550187753,0.0,-0.0,2.941925797759173e-07,0.3333333333333333,1,3.6904583777600983e-06,0.2631578947368421,7
rachelsaruski,0.043478260869565216,0.020989505247376312,0.022488755622188904,0.2885874782449694,5.804906431650453e-05,0.0007415813854863775,6.16106333470249e-05,5.2895440946706544e-06,5.381549317193547e-06,0.6571428571428571,69,6.976847933031945e-05,0.2676160990712074,9
benfrederick49,0.10344827586206896,0.050974512743628186,0.05247376311844078,0.2798086817773633,0.0005095039201222783,0.0016625289645999942,0.0005086484773728395,4.367184121251049e-06,4.191730189762175e-06,0.5645645645645646,376,5.2866424720591194e-05,0.4106627457387137,0
max_ingwersen,0.136431784107946,0.06896551724137931,0.06746626686656672,0.2994376264412498,0.0002641461095695059,0.0018198934041415721,0.0002705868574336699,2.3224107077062887e-05,2.333418977510303e-05,0.6320921985815603,713,0.0003145357292257583,0.36624393042266795,9
kogabeatz,0.06446776611694152,0.031484257871064465,0.03298350824587706,0.3115808507959761,3.144493959046866e-06,0.0007804579379376146,3.5306268640441386e-06,0.0028195590244592043,0.00268384168522171,0.9307359307359307,215,0.03360816906165466,0.5518334413947122,1
charlesreiter,0.043478260869565216,0.020989505247376312,0.022488755622188904,0.32378456284995827,0.00017013905885094504,0.0007208578098584439,0.00020709232866257795,0.0007979017789592687,0.0006440856602962966,0.49523809523809526,52,0.00813459645817083,0.1873327386262266,4
cheesedoodle.lilwingwongwang,0.008995502248875561,0.004497751124437781,0.004497751124437781,0.2906423957580622,0.0,0.0003088517106650478,0.0,0.0003987819845139055,0.0003963445629130316,1.0,3,0.0049418394403234174,0.5935828877005348,1
maggiedunlea,0.038980509745127435,0.019490254872563718,0.019490254872563718,0.27394021110250244,0.00020202183316698648,0.0007999685200422736,0.0003203087122389609,3.061853736952601e-06,3.1024350544727092e-06,0.6153846153846154,48,4.144160562950291e-05,0.22408500590318772,9
emmanuelwerr,0.0074962518740629685,0.004497751124437781,0.0029985007496251873,0.26515365946746483,0.00020794460896307086,0.0004987887839639925,0.00030167884200858985,1.2642359811082776e-05,1.2156330545890013e-05,0.6666666666666666,2,0.0001627885239961891,0.23076923076923078,8
amrita_sridhar,0.0704647676161919,0.034482758620689655,0.035982008995502246,0.2940447831014704,9.877149260258961e-05,0.0010527837038243346,0.00011069765058130641,1.05679565475829e-05,1.0089817752237275e-05,0.6557971014492754,181,0.00013594019081251708,0.3357199023300087,9
qferrante,0.2983508245877061,0.14992503748125938,0.14842578710644677,0.39413003214747483,0.0063672166124736475,0.003323915127080591,0.0061912456568118624,0.009483692203093712,0.009691796429320236,0.5243564356435644,2648,0.11971827994543514,0.3542709100121411,1
audrey_korn,0.06596701649175413,0.03298350824587706,0.03298350824587706,0.33388213868525857,0.0007845300000115165,0.000990728886927019,0.0008889991249375962,0.0010801889129829353,0.0010847760225512115,0.2857142857142857,66,0.013358735678256,0.1370240480961924,4
katemontuna,0.0914542728635682,0.046476761619190406,0.04497751124437781,0.3199771990535844,0.00033319918231376224,0.0013093680969646659,0.0003418981100257128,1.925822477819466e-05,1.7878616109880176e-05,0.6430107526881721,299,0.000260317867912646,0.34411462585929886,9
alexandria.seese,0.06146926536731634,0.031484257871064465,0.029985007496251874,0.27802190858593695,0.00021889666093624044,0.0011748229280550103,0.00020182999884144502,3.2981495480964482e-06,5.401492712537863e-06,0.6363636363636364,161,6.42399040109052e-05,0.3829861841643874,0
madsmenoher,0.06146926536731634,0.029985007496251874,0.031484257871064465,0.2897397796221676,8.312787271660207e-05,0.0009397058044388834,8.046607947415855e-05,7.780806593083804e-06,7.603952801892173e-06,0.6333333333333333,133,9.704963146732727e-05,0.300661631243047,9
grantgreene97,0.10044977511244378,0.050974512743628186,0.04947526236881559,0.2800486549178241,0.00019270947616138574,0.0016961864169425644,0.00015176198155031313,4.402278590470197e-06,4.353962363024414e-06,0.8092691622103387,454,5.707731600360795e-05,0.539758210257369,0
album___art,0.12293853073463268,0.05397301349325337,0.06896551724137931,0.3537776074043152,0.006017983961536798,0.0014665067094035912,0.0059841718526859496,0.0006229062771007499,0.0007541077519322689,0.4259796806966618,587,0.009336134299091445,0.20573367359909261,2
aimee.mcvey,0.11544227886056971,0.06146926536731634,0.05397301349325337,0.34517624908475997,0.0009846359149531382,0.001605169693585585,0.0010673356939081803,0.001636003375419716,0.0018572112395049746,0.38658536585365855,317,0.023081642884731104,0.1561175135845226,4
zerotobrooklyn,0.013493253373313342,0.0074962518740629685,0.005997001499250375,0.28605933564098374,0.0,0.00039959323165179514,0.0,2.712088131329722e-06,3.3346106312617877e-06,1.0,10,4.40932826847096e-05,0.42776203966005666,9
alissa_kong,0.08995502248875561,0.04497751124437781,0.04497751124437781,0.32686359522941233,0.000542636970949569,0.0012303965705802006,0.0006410012411606677,0.0008376005154866594,0.0008634831100195552,0.4528735632183908,197,0.010364272612542986,0.15768160741885626,4
lilalamora,0.17841079460269865,0.08995502248875561,0.08845577211394302,0.3486777700311616,0.0032681543220556496,0.002330589560472054,0.0030008538633746907,4.2971106221104374e-05,4.373096998532203e-05,0.47978142076502733,878,0.0005658305441132289,0.2993998908892526,9
onkarsingh1996,0.017991004497751123,0.008995502248875561,0.008995502248875561,0.29312094401632216,3.4036308955967286e-05,0.0004647425069055366,5.461958530497689e-05,0.0002457387921237029,0.00025458507983970585,0.13333333333333333,2,0.003059377494317446,0.0867003367003367,2
sherryyu2,0.06296851574212893,0.031484257871064465,0.031484257871064465,0.3265367316341829,0.0004685989984251982,0.0010115010876409968,0.000398410358300655,3.5152750339200723e-05,3.3699282094880126e-05,0.680952380952381,143,0.00044997721172482794,0.3558393096612442,9
margaretkoz.4,0.19790104947526235,0.11544227886056971,0.08245877061469264,0.3656626334089394,0.0028349526908805814,0.002775112349213,0.002858829922831722,0.0012137587064089657,0.0019136135909372362,0.38461538461538464,1155,0.02356609647996001,0.19645327272504703,2
ying2zhang,0.04497751124437781,0.022488755622188904,0.022488755622188904,0.3139776265713297,4.404934371103088e-05,0.0007361140506050301,5.7016279239952556e-05,0.0005753654925160882,0.0005732736364425301,0.8476190476190476,89,0.0071290875453828405,0.24546172059984214,4
kathryn_kuethman,0.13193403298350825,0.06596701649175413,0.06596701649175413,0.29957498315062653,0.00043021030171464333,0.0017868178575803733,0.0004419158428199793,1.8720658304914084e-05,1.8989375394026367e-05,0.5972515856236786,565,0.0002531845350809354,0.3288899660688318,9
icespk_,0.05397301349325337,0.026986506746626684,0.026986506746626684,0.2777853948397983,0.00023654719709655748,0.0011289215992701252,0.00019519809510542635,5.151176844338476e-06,5.194981628838128e-06,0.5490196078431373,84,6.443999986038487e-05,0.3285410676334542,0
oliviamckinley_,0.0,0.0,0.0,0.0,0.0,0.00022694046507459848,0.0,-0.0,-0.0,0.0,0,2.3476571375243007e-59,0.0,11
larabreitkreutz,0.16041979010494753,0.08545727136431784,0.07496251874062969,0.3803572878674233,0.00677240452955817,0.002297931765933755,0.007424817026971767,0.001739996527562611,0.002221892908620705,0.33998790078644886,562,0.027069418575220286,0.15211990540066697,4
lauloriquer,0.01199400299850075,0.005997001499250375,0.005997001499250375,0.2667783755181233,0.002166764041525391,0.0012978044409213336,0.0022438965310012226,1.7763621990642335e-06,1.758406603841112e-06,0.6666666666666666,4,2.1799907430206892e-05,0.19444444444444445,3
brittecornish,0.03298350824587706,0.01649175412293853,0.01649175412293853,0.2885874782449694,4.3060680869359155e-05,0.0006242817122471488,4.516718635705669e-05,4.529637551015815e-06,4.556952241079784e-06,0.8363636363636363,46,6.0707893939997994e-05,0.33204384268214054,9
cassandra.turk,0.10794602698650674,0.05547226386806597,0.05247376311844078,0.3716980439774421,0.0016227552531437816,0.0014882457195370086,0.0018570484182129105,0.0016288043741163973,0.0017467752796468015,0.3229018492176387,227,0.021373793236919673,0.13594915722575296,4
lizfinneran,0.06596701649175413,0.03298350824587706,0.03298350824587706,0.2629120222497447,0.00020110140270379454,0.0011670070399751105,0.0002468099363594639,5.929495094254559e-06,5.8439033477119156e-06,0.5670995670995671,131,8.102668557714897e-05,0.28193685893166376,9
faithholt,0.0029985007496251873,0.0014992503748125937,0.0014992503748125937,0.3010942661449358,0.0,0.00028408985736564686,0.0,1.3653360891248891e-05,1.3608266001722645e-05,0.0,0,0.00017060752173439438,0.0,9
maddieolive,0.004497751124437781,0.0014992503748125937,0.0029985007496251873,0.3010942661449358,0.0,0.00028408985736564686,0.0,2.4755052151623266e-05,1.3608266001722645e-05,1.0,1,0.00017060752173439438,0.10256410256410256,4
tiffiniez,0.0,0.0,0.0,0.0,0.0,0.00022694046507459848,0.0,-0.0,-0.0,0.0,0,2.3476571375243007e-59,0.0,12
rueypapito,0.06896551724137931,0.03298350824587706,0.035982008995502246,0.2991632905489537,9.602186730876304e-05,0.0010024433115837963,0.00011506117380125499,1.4112854684733334e-05,1.5595455495280215e-05,0.6566666666666666,197,0.00020673443318126902,0.3723039534782797,9
trothertrunks,0.038980509745127435,0.019490254872563718,0.019490254872563718,0.37468357043509226,0.012404129543811178,0.0016860858524790333,0.014984608515190439,0.00012579442991577996,0.0001258528127464363,0.1794871794871795,14,0.0015606264563968158,0.03516028955532575,7
rachel_dveirin,0.1394302848575712,0.0704647676161919,0.06896551724137931,0.3691766327124736,0.0011493066404789406,0.001670320122976547,0.0012502997182593872,0.0046400552426420685,0.004627258993279752,0.5642923219241444,610,0.05753392056490252,0.33669623148214556,1
zhenni_7,0.08095952023988005,0.037481259370314844,0.043478260869565216,0.32250541395968685,0.00020968032974445043,0.0010667653376749953,0.00027239057573022295,0.00040645942472767595,0.00034932957642771177,0.8251231527093597,335,0.004295855369280599,0.4300558422280342,2
sloth_moss_ink,0.026986506746626684,0.013493253373313342,0.013493253373313342,0.31352542643704556,0.00071842583529207,0.0010535560628774218,0.0008741731677828245,5.316950639105083e-06,5.663379797852297e-06,0.6222222222222222,28,6.712168441629828e-05,0.16538952745849297,7
evelyngarciaphotos,0.13193403298350825,0.06596701649175413,0.06596701649175413,0.3406747330560072,0.0005632474199762155,0.0016354422341637595,0.0005641246985392044,0.0011682810064525078,0.0011619608675138794,0.6321353065539113,598,0.014553631240817974,0.28448189887304276,2
leahisgawne,0.026986506746626684,0.013493253373313342,0.013493253373313342,0.3050319772388444,2.6129149067679807e-06,0.0011971084884025388,2.3002584221974527e-06,5.34551823305116e-06,5.665459295579574e-06,0.9444444444444444,34,6.699003895593408e-05,0.43781942078364566,7
thuantrn,0.19490254872563717,0.10194902548725637,0.09295352323838081,0.36855161583993556,0.0019487392740954101,0.00218929765527019,0.001898162942937394,0.005955584812577132,0.006323590984040544,0.5408252853380158,1232,0.07851764529073643,0.3191915837415345,1
jamiekim01,0.017991004497751123,0.008995502248875561,0.008995502248875561,0.32588496171076137,5.332467565066587e-05,0.0004793271396489479,8.891555751515278e-05,0.0003541546453666823,0.00034896532989072115,0.5333333333333333,8,0.004400324610827278,0.1223128243143069,1
subrubansandinista,0.038980509745127435,0.008995502248875561,0.029985007496251874,0.2629120222497447,4.734012394706532e-05,0.00047507350025551703,4.558567623756202e-05,3.251559005810442e-06,2.1514226857022275e-06,0.7105263157894737,135,2.676323845299135e-05,0.4887833938378479,0
hannahballock,0.05547226386806597,0.026986506746626684,0.02848575712143928,0.3132246826227174,0.0001746341934502528,0.0008428062500080396,0.00019524043637200554,0.0005676754680970661,0.0005522364262004151,0.6257309941520468,107,0.006888629354728554,0.18464570302459088,4
helen_girod,0.017991004497751123,0.008995502248875561,0.008995502248875561,0.2227399260806159,1.1657620353272526e-06,0.0009565472242215145,1.1657620353272526e-06,7.870469788668859e-07,6.759213864659441e-07,1.0,15,1.058250738642113e-05,0.8627450980392157,8
andrea.esbr,0.09295352323838081,0.046476761619190406,0.046476761619190406,0.3375056657717653,0.0003038077320459287,0.0012857686778178989,0.00038594823615730817,0.0008284757911291049,0.0008457148537135471,0.6129032258064516,285,0.010242281491406102,0.23755202713118545,4
melanieerinholmes,0.14842578710644677,0.07346326836581708,0.07496251874062969,0.3350813049093719,0.0005006027680836743,0.0015756805622293285,0.0005176200629713371,0.004936725174662747,0.004762140527507213,0.6191553544494721,821,0.058654352794312074,0.3508473885211813,1
megshieh,0.12443778110944527,0.06296851574212893,0.06146926536731634,0.39460632221653524,0.0034679448380972996,0.0014885525572612783,0.003017082128394584,0.0037753640715223673,0.003915482907656905,0.5296167247386759,456,0.04806744635605032,0.30966987422803094,1
peru_noprobllama,0.025487256371814093,0.013493253373313342,0.01199400299850075,0.26504604840436924,0.000701004953488599,0.001304303111233137,0.0005965725829869188,1.4114304440689332e-05,1.2018499272355595e-05,0.9111111111111111,41,0.00016482597032287314,0.4897360703812317,8
annarosina.holcombe,0.029985007496251874,0.013493253373313342,0.01649175412293853,0.2659093905815822,0.0013014498513913375,0.0013360904732264102,0.001261682312630395,1.449096978087553e-05,1.2808093100962547e-05,0.8363636363636363,46,0.00017094607738561826,0.46733668341708545,8
dj_stxtch,0.12293853073463268,0.05997001499250375,0.06296851574212893,0.3537776074043152,0.00010432239039788522,0.00129347582802149,0.00010027480230454625,0.00498503168499613,0.004669842991962587,0.8516057585825028,769,0.05771179699068422,0.5152427848176513,1
kabewebster,0.29235382308845576,0.14392803598200898,0.14842578710644677,0.3889657315475675,0.0012693307325324836,0.0028189833403127825,0.0011620866169538165,0.010222495846350597,0.010089582453398685,0.6046176046176046,2933,0.12456549999052752,0.3901930886637781,1
piganini,0.15892053973013492,0.07646176911544228,0.08245877061469264,0.3522510589365511,0.0014375669332573062,0.0019113466780134628,0.0015511333677262404,0.000863482768880236,0.0007786131072538646,0.4962962962962963,737,0.009647475187188791,0.26513027667559363,2
matty_noomz,0.26836581709145424,0.136431784107946,0.13193403298350825,0.39059417659591256,0.003179485888633504,0.0028305332860566355,0.003242188745224818,0.008189653159237283,0.008416747996704948,0.5218559218559219,2137,0.10336157884047409,0.3276444905146104,1
zahralalee,0.095952023988006,0.047976011994003,0.047976011994003,0.33646237159627296,0.0004106001078129398,0.0012546923938598234,0.0004453530804315165,0.0006568657084767613,0.000643247223785294,0.6439393939393939,340,0.007984816345462243,0.29564655481894553,2
hannahmliu,0.06596701649175413,0.034482758620689655,0.031484257871064465,0.29766338344045845,7.680470552365483e-05,0.0010572925758248028,7.169288499145426e-05,1.870848503873108e-05,1.9218357596242112e-05,0.6630434782608695,183,0.0002535664642250536,0.3694169529767704,9
julia.miles,0.031484257871064465,0.01649175412293853,0.014992503748125937,0.34103052912186205,0.003158633124007022,0.0006212344919904996,0.0035877512512418443,4.537236486174813e-06,0.00014089329427237866,0.36363636363636365,20,0.001750037158456002,0.1942388477695539,9
mo_ackerman,0.2368815592203898,0.12143928035982009,0.11544227886056971,0.3247506033159452,0.006624780437835715,0.0035404264242015863,0.007032364562520245,2.9361373074313923e-05,2.9503870973467148e-05,0.3407917383820998,1188,0.0003855773398862964,0.23305454380082602,9
carltonoadams,0.07946026986506746,0.04047976011994003,0.038980509745127435,0.31202745497771894,0.00013891414262141193,0.0012337431146619926,0.0001644935665454992,0.00021220482560985028,0.00021412828595054735,0.7354497354497355,278,0.0027039194972163106,0.3916165431062619,2
thekarozee,0.008995502248875561,0.004497751124437781,0.004497751124437781,0.3041795357561089,0.005416613245941225,0.0009567193747251038,0.005484190561601906,4.664279906862093e-06,4.739754481904041e-06,0.0,0,5.881789720998475e-05,0.0,7
uniprod,0.1394302848575712,0.06746626686656672,0.07196401799100449,0.3413870691418535,0.0020670801229436546,0.0018600300869834824,0.0020870310607710007,0.0005072358372137537,0.00044506935049873174,0.5718085106382979,645,0.005649549435104466,0.31335463087966,2
alvamao,0.08845577211394302,0.037481259370314844,0.050974512743628186,0.3466419656413831,0.029574004862377438,0.0014868442434026463,0.02898262747386828,0.00012505813894507945,0.00012624767261874365,0.5169340463458111,290,0.0015405285874490861,0.29780018606884545,0
ko.karam,0.041979010494752625,0.020989505247376312,0.020989505247376312,0.3053171871287358,0.00031760604359238806,0.0007696097848778583,0.0003282613782757937,0.0005053967094789946,0.0004650125075046502,0.3523809523809524,37,0.005604269076469734,0.12528765021733573,4
chipsiduke,0.22188905547226387,0.10794602698650674,0.11394302848575712,0.4033807679236355,0.0074920610445867244,0.0021974366341298325,0.006846513376394633,0.007767254585422054,0.00750253862996621,0.5745098039215686,2051,0.09194108401017896,0.3696140122258107,1
ethannicklow10,0.2578710644677661,0.13043478260869565,0.12743628185907047,0.36586748642485484,0.0010252733165134612,0.002574139389051646,0.0010195601624089622,0.008690939398074695,0.008943094003711903,0.6001021450459653,2350,0.10984658138537473,0.39055989016832476,1
pingshan.zhang,0.014992503748125937,0.0074962518740629685,0.0074962518740629685,0.32817761973284715,0.019861861231444105,0.0015624175914932892,0.020415527825070785,0.0001220209164839328,0.00012410142733193597,0.2,2,0.0015132009132195544,0.006711409395973154,3
julietta_cc,0.03298350824587706,0.01649175412293853,0.01649175412293853,0.31888352698650674,0.00014370076268747635,0.0006430209005337027,0.000164142741050974,1.655575389900322e-05,1.5195799095079914e-05,0.6363636363636364,35,0.0002133353517666572,0.3313161875945537,9
reb_dav,0.16041979010494753,0.06146926536731634,0.09895052473763118,0.31247534127673005,0.0008324675102372625,0.0016604147498540656,0.0009959890662092482,3.00881630515915e-05,2.0681087914696225e-05,0.5044289044289044,1082,0.00027308184820291,0.3062599914892638,9
quickrocks2,0.10944527736131934,0.05547226386806597,0.05397301349325337,0.33542550758519046,0.0007290007836503335,0.0015407389235597255,0.0008938557038565915,0.00080132097777333,0.0008363242169090564,0.4954954954954955,330,0.010125871710784043,0.2000565131393049,4
eric.werbel,0.23088455772113942,0.11544227886056971,0.11544227886056971,0.3721216314919463,0.0015558973301958228,0.0023772821206812823,0.001518678720612967,0.008209492339556321,0.008180397951739611,0.646020646020646,1940,0.1014541709943898,0.40555356503045503,1
davidamiron,0.25487256371814093,0.12743628185907047,0.12743628185907047,0.3721216314919463,0.0011324734786835576,0.002533728845390299,0.0011605728121714082,0.008782975940267166,0.008899097740906803,0.6082079343365253,2223,0.10955187407318814,0.38686947741092875,1
sashaatthedisco,0.031484257871064465,0.01649175412293853,0.014992503748125937,0.34756437640679394,0.0004159675652402015,0.0008335764913141949,0.0005020081232205788,0.000626002968431474,0.0006619807740631254,0.6181818181818182,34,0.008005108922318939,0.17000835421888053,1
gen.freddie,0.008995502248875561,0.004497751124437781,0.004497751124437781,0.2150390066738116,0.0029692361026693865,0.001355203130531228,0.0029692361026693865,4.970356385693488e-08,5.071675717919928e-08,0.3333333333333333,1,6.221456036632402e-07,0.07692307692307693,3
pscotty97,0.15442278860569714,0.08395802098950525,0.0704647676161919,0.32378456284995827,0.015478019957591434,0.002862572646423199,0.01599430067505683,9.90301200074886e-06,1.2329799904014701e-05,0.600250626566416,958,0.00015437345182955754,0.41766717199101483,0
fangatical_,0.05697151424287856,0.02848575712143928,0.02848575712143928,0.33820479713535256,0.0022089294131230853,0.0009121682337255762,0.002354002057900814,0.0005611894788496894,0.000564449816579641,0.47953216374269003,82,0.006974085594246179,0.1563472846765825,4
ana_logs_,0.14842578710644677,0.07496251874062969,0.07346326836581708,0.3236241146027581,0.0004554780162954827,0.0019344208234118062,0.0004657796278669461,3.2452253033561565e-05,3.5780596634498445e-05,0.590204081632653,723,0.0004665200618526605,0.35908613120633154,9
melissaleighchurch,0.17991004497751123,0.08995502248875561,0.08995502248875561,0.3486777700311616,0.001754358912952644,0.002295180013653572,0.0014728344291505136,4.7267018791946846e-05,4.752910759267812e-05,0.5875706214689266,1040,0.0006218095425964718,0.3528942194777606,9
melanie_warren,0.11394302848575712,0.05247376311844078,0.06146926536731634,0.2800486549178241,0.0004068468383663663,0.00162104785195252,0.0003417526336181079,4.882181887006491e-06,4.264268362910389e-06,0.6677740863787376,603,5.401082989694746e-05,0.4597247157390784,0
yanda_chen,0.05997001499250375,0.034482758620689655,0.025487256371814093,0.3111355232340952,4.936306824594732e-05,0.0009978385348080527,5.991593609218628e-05,0.00015326239768864697,0.000206781723366826,0.7933333333333333,238,0.0025560564954617846,0.41167468299081766,2
zapeterson16,0.017991004497751123,0.008995502248875561,0.008995502248875561,0.3132246826227174,3.865354021122575e-05,0.0005276357742752487,7.7688620084531e-05,7.53643139681127e-05,8.488461499164438e-05,0.6666666666666666,10,0.0009444172455459291,0.1034047919293821,2
r_doubs,0.005997001499250375,0.0029985007496251873,0.0029985007496251873,0.30123314726400635,0.0,0.000494287716790793,0.0,1.3847332215980186e-05,1.380399514034704e-05,1.0,1,0.00017305312517267994,0.0,9
masonacl,0.035982008995502246,0.017991004497751123,0.017991004497751123,0.3151898953997904,0.0016264932094892212,0.0008353444244903203,0.0016033166977697255,7.2441646579966495e-06,7.321369724053325e-06,0.6515151515151515,43,9.073121867673775e-05,0.2884795504214799,0
ester.adiv,0.13793103448275862,0.06746626686656672,0.0704647676161919,0.3181068988155703,0.0001631558090633094,0.0017447959510600154,0.00015071604808836476,3.21638757728325e-05,3.157964777453149e-05,0.7354301572617946,795,0.00042029735996050637,0.4231625604540135,9
kelseylaurengallagher,0.13793103448275862,0.07496251874062969,0.06296851574212893,0.2822270800641166,0.0004077682353753853,0.0024180079891414144,0.0002851136853212416,5.157530018678331e-06,7.5231885529200245e-06,0.6576168929110106,872,9.43357560417098e-05,0.4524609764197941,0
chriscampscloseenoughforjazz,0.020989505247376312,0.010494752623688156,0.010494752623688156,0.2819833606512806,1.149171414707746e-05,0.0004906927226254822,1.3673390568053825e-05,0.00011348462066922546,0.00010686049663287978,0.5238095238095238,11,0.0014003740873386411,0.2902638762511374,4
bridgette_keane,0.1649175412293853,0.08545727136431784,0.07946026986506746,0.35824106597277333,0.00027696334339849716,0.0017690799317229525,0.0002853608516953827,0.0059589167600091865,0.006469265592919306,0.7324561403508771,1169,0.07964560672742375,0.4462359191888587,1
dgeorge668,0.20689655172413793,0.10794602698650674,0.09895052473763118,0.380800853217706,0.0004901844325027465,0.002149808522146455,0.0004555202812793145,0.007304653259573079,0.008031469678647431,0.7289892632358386,1969,0.09879494979980569,0.44787831687928503,1
aniamarecki,0.17241379310344826,0.08545727136431784,0.08695652173913043,0.34942400388890626,0.005506414626823488,0.002330631093935855,0.0051151588858193734,4.270439802180751e-05,4.202701661600246e-05,0.46113383985973116,789,0.0005449713908117577,0.2861616067526028,9
b.m.weiss,0.14392803598200898,0.07346326836581708,0.0704647676161919,0.34103052912186205,0.00017733001000789592,0.0015518137204402864,0.00018373050753948446,0.005268239745630267,0.005336256455890601,0.7772108843537415,914,0.06587013132839614,0.46348520013989125,1
henry_kistler,0.2638680659670165,0.13193403298350825,0.13193403298350825,0.3903607072733806,0.0016343324257976461,0.0026366232564718757,0.0015672450995819788,0.009347293059462698,0.0093523637429365,0.6475995914198162,2536,0.11501868566495885,0.40874368424455715,1
racholeharmon,0.15742128935532235,0.07946026986506746,0.07796101949025487,0.30248886672921066,0.0003384161819153218,0.0020524476836354306,0.0003309740092996336,2.6349318111522873e-05,2.6792616357206437e-05,0.6676342525399129,920,0.00036016448867303574,0.38630656958825654,9
geesehater,0.1454272863568216,0.07346326836581708,0.07196401799100449,0.2999878104126623,0.0003357614506869297,0.001973041303090586,0.00034694725770678236,2.2237098057737417e-05,2.302897851811509e-05,0.6318367346938776,774,0.0003097271720898448,0.3604203254320173,9
srurban37,0.05847076461769115,0.034482758620689655,0.0239880059970015,0.277903601390794,0.00010148798884002826,0.0011185743659474917,0.0001462440515764705,1.0741546740739933e-06,3.5721138224468675e-06,0.7355072463768116,203,4.131726388645302e-05,0.462154482045983,0
akib_35,0.272863568215892,0.14992503748125938,0.12293853073463268,0.39389231801469593,0.0015178482271840281,0.0029406042346039637,0.001323125363380698,0.008890039162644182,0.010124135889739946,0.572929292929293,2836,0.12399734175096368,0.3650567040799188,1
boston.bird.pics,0.022488755622188904,0.014992503748125937,0.0074962518740629685,0.31172957673907675,3.43989913024297e-06,0.000510681036791231,1.942484928634628e-06,0.0005891996239079582,0.001161797670357366,0.9333333333333333,42,0.014685358627377545,0.4659666229139321,1
carolinemariline,0.046476761619190406,0.022488755622188904,0.0239880059970015,0.28986838138853344,0.00011448826702429029,0.0008056208795018414,0.00014264904363551093,5.080955738039091e-06,5.145805557624419e-06,0.5367647058823529,73,6.755426742311121e-05,0.2461522353680243,9
kadehieber,0.020989505247376312,0.010494752623688156,0.010494752623688156,0.27428536886533633,0.008244751776859375,0.0022612561612195136,0.008885194931872217,1.8177159755538736e-06,1.7853225234622366e-06,0.3333333333333333,7,2.2323467142101378e-05,0.07086614173228346,3
solomon_bibfitness,0.0239880059970015,0.01199400299850075,0.01199400299850075,0.3051745155459653,1.87241456312803e-06,0.0011036596985304742,1.70353118878856e-06,5.2456852733600354e-06,5.567245179446897e-06,0.9642857142857143,27,6.579458828815396e-05,0.4271047227926078,7
serickson_,0.08995502248875561,0.041979010494752625,0.047976011994003,0.29444249921928123,0.00012602388491675772,0.0012038304036031643,0.00014618451093609527,2.0119137212146462e-05,1.741427397318223e-05,0.6975806451612904,346,0.00023179228364124805,0.39705953474875466,9
davidisoverrated,0.07496251874062969,0.037481259370314844,0.037481259370314844,0.3263735448617521,0.0003887050859204087,0.0010718299745311414,0.00042955230251615886,0.0013503698847060226,0.0013577927955303395,0.5466666666666666,164,0.016750906160020174,0.2076838293182176,4
fertig_adam,0.136431784107946,0.06896551724137931,0.06746626686656672,0.2816185697578119,0.0002640472784952489,0.002313346193677924,0.00020992818896817158,5.569074580306786e-06,7.045956541425692e-06,0.6840816326530612,838,9.061884186327028e-05,0.4683529782901718,0
madi_barnes9,0.043478260869565216,0.022488755622188904,0.020989505247376312,0.29971246593316464,0.009665517407443652,0.001695891028602604,0.01042389190873931,7.05789594100683e-05,6.217957559368604e-05,0.3333333333333333,51,0.0007881879916887447,0.11163600198906017,8
remy.ontherocks,0.014992503748125937,0.0074962518740629685,0.0074962518740629685,0.3159523286252375,7.159735530525652e-05,0.00042402616979382747,0.00011909538148560164,0.0002180175693525166,0.00021025359732981984,0.4,4,0.002692193844643399,0.10597302504816955,2
jhg1217,0.29685157421289354,0.14692653673163417,0.14992503748125938,0.3751139938359367,0.0025015038917554377,0.002932210984593228,0.0025383146605927544,0.009498712843789149,0.009452839720381138,0.5075247524752475,2563,0.1161941958950512,0.3355914004552174,1
mariannaabarrett,0.07646176911544228,0.041979010494752625,0.034482758620689655,0.3130745269742885,0.00023197130839791555,0.00111797336194471,0.00024033342252337386,0.0010175215666193996,0.0011261011361316127,0.458128078817734,186,0.01373013329440011,0.1650578860321756,4
hunterhutch,0.0704647676161919,0.037481259370314844,0.03298350824587706,0.3733982065570988,0.027023103438660004,0.0011745917581396054,0.028796387303414946,0.0001612792332371453,0.0001859340182818372,0.38666666666666666,116,0.0022976746923773507,0.1762121449866625,9
tiney,0.1424287856071964,0.07196401799100449,0.0704647676161919,0.34609086553702484,0.0018654074586956456,0.0019446376065489367,0.001723043538168797,5.0648948379140465e-05,5.029846094055789e-05,0.5886524822695035,664,0.0006637854049358932,0.35035156791822714,9
conradical1309,0.3103448275862069,0.1634182908545727,0.14692653673163417,0.40412961835913724,0.009770881092947315,0.0035806223543817517,0.009292819861566886,0.008086312552851504,0.00893631486577403,0.38447162759089365,2263,0.10988473468717189,0.247450533565213,1
mamabean.takes.nyc,0.025487256371814093,0.013493253373313342,0.01199400299850075,0.3440850702151559,0.0003249416460654049,0.0005130048906361891,0.0003167971504609788,0.0002691855430562693,0.00029228537140330095,0.3055555555555556,11,0.003461896813251073,0.13531914893617022,2
nlandis919,0.2608695652173913,0.13043478260869565,0.13043478260869565,0.3868918621258091,0.0022705998043477085,0.002698076159638277,0.0021618781178697395,0.009285383019683686,0.009281008397417969,0.6442127773322641,2410,0.11497682331052989,0.4049715457930043,1
megan__mauro,0.2383808095952024,0.11544227886056971,0.12293853073463268,0.3920008783123444,0.0016745856083456836,0.0023214503743126482,0.001967944889403035,0.008540488618341236,0.007930662861994096,0.6179001721170396,2154,0.0973305865833391,0.3822493387373646,1
mitchell.negus,0.08395802098950525,0.041979010494752625,0.041979010494752625,0.32394517027200687,0.00011943068072265264,0.0010226662927839086,0.00012597677993063204,0.002985598222418002,0.0029618875589047878,0.7751322751322751,293,0.0369847316176721,0.4349270064272573,1
charismaticalpaca,0.029985007496251874,0.014992503748125937,0.014992503748125937,0.30545999217416553,6.151285658590831e-06,0.0012995146726964095,5.6635488919347e-06,5.424058604211246e-06,5.739503126804032e-06,0.9111111111111111,41,6.792512404609398e-05,0.42496493688639553,7
prinutbutterandpatelly,0.05397301349325337,0.026986506746626684,0.026986506746626684,0.2940447831014704,0.00010619047054748991,0.0008228202949725269,0.00015368930298684838,1.0617917129376436e-05,1.1111864414184082e-05,0.6013071895424836,92,0.00014128970725290523,0.3158756137479542,9
liampulsifer,0.1619190404797601,0.07796101949025487,0.08395802098950525,0.38416086074609757,0.004100511941790192,0.002041458201000529,0.0038989258874394094,0.0032737737408957447,0.0029329363312727095,0.29545454545454547,455,0.036220721912898164,0.1525795828759605,4
nickmandalari,0.10194902548725637,0.05247376311844078,0.04947526236881559,0.2802890400293416,0.00020326749480898838,0.001859893253366355,0.0001537067186305713,6.299206914670567e-06,6.209906688699845e-06,0.7435897435897436,551,8.058602692196478e-05,0.5022437495548115,0
mobyslack,0.05397301349325337,0.02848575712143928,0.025487256371814093,0.32442794995944646,5.39289526893611e-05,0.0008885712128697177,6.21440802957311e-05,0.000554874272570132,0.0005928360558844303,0.695906432748538,119,0.007159864973709596,0.2612944569048382,4
adhuffedup,0.136431784107946,0.06746626686656672,0.06896551724137931,0.3650494484451458,0.00026712337270982917,0.0014260970999387134,0.00024347078972814098,0.005091176365343918,0.005116965722806714,0.7763605442176871,913,0.0630815469430519,0.45335547671170834,1
cassiel_storm.2019,0.041979010494752625,0.019490254872563718,0.022488755622188904,0.27684335026213047,0.0001291818313276044,0.0008275843171460775,0.0001632851962249418,2.979991619736251e-06,3.0505964400025515e-06,0.638095238095238,67,3.5867682302636984e-05,0.35470455726910416,0
jferrante21,0.32233883058470764,0.14842578710644677,0.17391304347826086,0.394368033374617,0.006322665106001978,0.003204093902327921,0.005892762879933961,0.010739134541708373,0.009177627314597401,0.4835082458770615,3225,0.11297765204619539,0.3309474425248068,1
annaclaire16,0.11094452773613193,0.06146926536731634,0.04947526236881559,0.2807710504163224,0.0008475574848271333,0.0022308613477880945,0.0006963324782497959,6.144644839189774e-06,6.977579151086685e-06,0.5679442508710801,489,8.603608223002352e-05,0.3819355381283771,0
ask.krier,0.14392803598200898,0.07196401799100449,0.07196401799100449,0.34737950173849247,0.0016067557538314643,0.0017950113668379949,0.001607519280520891,0.001613013597203449,0.0015719633682404126,0.42772108843537415,503,0.019638829956153722,0.18628926733764253,2
pknlove,0.06746626686656672,0.031484257871064465,0.035982008995502246,0.30819889724793104,2.7207743415600047e-05,0.0009363373435617781,2.336139037884616e-05,1.8553728127323646e-05,1.6895319879341765e-05,0.7572463768115942,209,0.0002237152071944268,0.4321852970795569,9
chin4dawin,0.1184407796101949,0.05697151424287856,0.06146926536731634,0.3330308328752503,2.4710157206872725e-05,0.0012155516086203365,2.6394789257678786e-05,0.004962067944063953,0.004635793529625395,0.8646341463414634,709,0.05676145818395069,0.5128167722574192,1
rhondusmithwick,0.06146926536731634,0.041979010494752625,0.019490254872563718,0.3153420875269753,7.129876763229506e-05,0.0012111603017893047,5.995893726203385e-05,0.00013466533881804576,0.0002462441045080122,0.6587301587301587,249,0.0032988410412437036,0.35934393638170975,2
d.w.zhang,0.12593703148425786,0.06296851574212893,0.06296851574212893,0.33117315581560136,0.0009201789120883232,0.0016114611347603153,0.0009162667915473864,0.0009854182736244897,0.0009844796090379936,0.5238095238095238,473,0.012322879140543199,0.25099214846538187,2
jesseferyue,0.0704647676161919,0.035982008995502246,0.034482758620689655,0.3262105211130698,0.00020643814806888482,0.0010592199714390318,0.00025892437697867235,0.0008071228771969922,0.0008311712526023482,0.6231884057971014,172,0.010352978796626694,0.2138213602840754,4
_lauren_holland_,0.12443778110944527,0.05997001499250375,0.06446776611694152,0.31292451522202486,0.00014334731398841705,0.0015716485490238998,0.0001477846354864908,2.7903878899419738e-05,2.626845488425157e-05,0.6744186046511628,609,0.0003457526386513047,0.39183353485961814,9
yt.gong,0.13193403298350825,0.05847076461769115,0.07346326836581708,0.3608140681040695,0.003748829321833161,0.0015813847177297876,0.003671784089175111,0.0012569371094921348,0.0008914222137607812,0.375,441,0.011146859863914095,0.16351764246756584,2
harithalappat,0.017991004497751123,0.010494752623688156,0.0074962518740629685,0.33388213868525857,4.670299118361286e-06,0.0005731088387672659,7.127079007805314e-06,0.00028455716367724743,0.0005431414887862647,0.8095238095238095,17,0.0065502495949399326,0.22087269455690509,1
kitaquinn,0.06146926536731634,0.043478260869565216,0.017991004497751123,0.2792105443644146,9.7549554591823e-05,0.0015720464994952413,0.00013503939810512598,1.0537281370959274e-06,3.993925864835408e-06,0.6896551724137931,280,5.2863191574236474e-05,0.481247532570075,0
qzhang123,0.1634182908545727,0.08395802098950525,0.07946026986506746,0.3660725690966176,0.003192055718992716,0.002107707774709591,0.0030629415498871874,0.0011315970437230593,0.0014388341045376014,0.4243132670952659,726,0.017435062158490063,0.20376966760976206,2
maddymcknight,0.10194902548725637,0.050974512743628186,0.050974512743628186,0.3634242978677606,0.005496431452713368,0.001467676317004869,0.006995094210806709,0.0009024741472817495,0.0008814638744397658,0.5647058823529412,336,0.010920883576307744,0.2292236093669203,4
lauren_kloss,0.17241379310344826,0.08695652173913043,0.08545727136431784,0.320448215538943,0.00037563215853392827,0.0022061892280830324,0.0003543582182121639,3.570400470984276e-05,3.619724372851962e-05,0.5958862673926195,985,0.00048058368650406944,0.36914111983785153,9
gjadick,0.07496251874062969,0.035982008995502246,0.038980509745127435,0.39082792535509625,0.004360326831916205,0.0010092127925289724,0.004055812765399747,0.001591726311077752,0.0015295611972335997,0.38746438746438744,136,0.018944335011606084,0.15510619954541893,1
armaan__sethi,0.0239880059970015,0.01199400299850075,0.01199400299850075,0.3031910228729646,3.3969669449631675e-05,0.0006712565956444188,5.546701315751091e-05,0.00011056262678555326,0.0001152768439979162,0.5714285714285714,16,0.001382836510111552,0.11769005847953216,2
laurettakraemer,0.14842578710644677,0.07346326836581708,0.07496251874062969,0.30054001991181123,0.0003868884681819642,0.0018937560153591878,0.00039840542536894575,2.449987638090891e-05,2.4398388959781852e-05,0.5749019607843138,733,0.0003251865847948412,0.3440797993993001,9
nataliejividen,0.12443778110944527,0.047976011994003,0.07646176911544228,0.27897200481348394,0.0004806942332397076,0.0016162836588895254,0.00044113813340231593,5.5702098841960105e-06,3.895327365940242e-06,0.6376470588235295,813,5.084885560060879e-05,0.4511497109744493,0
kyleethmpsn,0.12743628185907047,0.06446776611694152,0.06296851574212893,0.2807710504163224,0.0002477658037187616,0.0020670477958208617,0.00021038819469759324,5.278414623719168e-06,5.104414040842896e-06,0.6760204081632653,795,6.594056420108861e-05,0.4652430307362402,0
christiana.maimone,0.2383808095952024,0.1184407796101949,0.1199400299850075,0.35765249905167895,0.018381886564874213,0.0033147251909648517,0.01777505727669676,4.4988989309828845e-05,4.4965691560292756e-05,0.34507678410117437,1146,0.0005836120758925506,0.22670118343195267,9
omarbarazi_,0.08395802098950525,0.04947526236881559,0.034482758620689655,0.2802890400293416,0.00023515800403670311,0.0017874671086404832,0.00017989725531505733,5.459243935995014e-06,6.149325846237313e-06,0.678030303030303,358,7.894805876264544e-05,0.44988736845644356,0
esmeyesme,0.05247376311844078,0.025487256371814093,0.026986506746626684,0.28320618528550123,3.3552694767076505e-05,0.0008191137506030414,3.769572352836279e-05,8.972507858469434e-06,8.586702321014227e-06,0.7516339869281046,115,0.00011312066470824431,0.36104420790925335,9
ashley_slivinske,0.019490254872563718,0.008995502248875561,0.010494752623688156,0.27660883662361957,2.2835713092963744e-05,0.0004901314402477946,3.853956870085322e-05,2.219378783720467e-06,5.17560023709674e-07,0.7619047619047619,16,2.7786131154719468e-05,0.3367451381780962,0
madisonmercer12,0.12143928035982009,0.05397301349325337,0.06746626686656672,0.2800486549178241,0.0002676661737002932,0.0017924406247502593,0.000251682379109206,5.3051433646359265e-06,4.649518708241528e-06,0.6737373737373737,667,5.935665778811572e-05,0.4662053139230521,0
andrewmoak18,0.017991004497751123,0.008995502248875561,0.008995502248875561,0.3095134897006473,1.765217006699099e-06,0.00038697570197065035,2.1152813198047393e-06,0.0007237860583614781,0.0007282078894898839,0.6666666666666666,10,0.008971183976970573,0.485447556287754,1
rebeccabelll,0.07946026986506746,0.038980509745127435,0.04047976011994003,0.3283426160223056,0.0004019071181530749,0.0011626811411268396,0.0005054904943928884,0.0006596699596732571,0.000618564217119151,0.5242165242165242,184,0.007908079364348581,0.18553319023125836,4
leah.schwartz,0.10494752623688156,0.05547226386806597,0.04947526236881559,0.33802974289252885,0.0004096174673414836,0.001336296743245612,0.0004958755733918305,0.002334789575693959,0.0028096513359037872,0.5092460881934566,358,0.03452884653903816,0.24129280017939986,4
forman.katie,0.272863568215892,0.1394302848575712,0.13343328335832083,0.3620141148937726,0.006989407825442011,0.0035198473632561777,0.006883282626670801,6.440182188621368e-05,6.949808295886224e-05,0.46026180458158017,1969,0.0008916248082101578,0.3031177352167192,9
haydnswann,0.05247376311844078,0.025487256371814093,0.026986506746626684,0.3168721316197796,0.002466390763906257,0.0012334005578658169,0.0025142840434528814,8.028456535188195e-06,7.899341037938034e-06,0.5578947368421052,106,9.833330033116943e-05,0.2904095904095904,0
shanvferrie,0.1394302848575712,0.06896551724137931,0.0704647676161919,0.3006783900867246,0.0007755597638319649,0.0019493897460964255,0.0008242986200757388,1.7706651602676936e-05,1.713942439782581e-05,0.5356151711378353,579,0.00023243218485810585,0.3005638521244721,9
ben.chin_,0.24737631184407796,0.12593703148425786,0.12143928035982009,0.3733982065570988,0.0028068484625585967,0.002616204840227903,0.0029122821189536637,0.007925299432792816,0.008073919160108583,0.5436029833620195,1895,0.09931820081288315,0.340374454853288,1
jess__cameron_,0.14392803598200898,0.06446776611694152,0.07946026986506746,0.32155266532169663,0.013514249305414939,0.0022216361291190942,0.013908330445049626,1.202606154441556e-05,1.1321148052120304e-05,0.5079825834542816,700,0.00014051676488669482,0.3555649508508614,0
duke.ia,0.01199400299850075,0.0074962518740629685,0.004497751124437781,0.30574600340279295,3.441742200934465e-05,0.00037423108648138395,3.7665473103582466e-05,0.0002634713446245077,0.0002871287068202578,0.2,2,0.003477219289397214,0.12142152023692004,2
pat_hong,0.1199400299850075,0.05997001499250375,0.05997001499250375,0.34774944795972623,0.0013664874460042747,0.0015960763197666536,0.0015192636497731262,0.0017985490919586583,0.001780482751580347,0.3628205128205128,283,0.022289926090135657,0.14955805864896773,4
boysinberlin,0.02848575712143928,0.013493253373313342,0.014992503748125937,0.3001256724578887,5.629283370452743e-06,0.000566177853674404,6.5071304986199165e-06,0.00023430403803107524,0.00022021197970337926,0.8888888888888888,40,0.0025660770602840377,0.24515295131408876,4
brittany_horner49,0.14392803598200898,0.07496251874062969,0.06896551724137931,0.2822270800641166,0.0005721177743820416,0.0024090322536275263,0.0004609449704631897,5.2875729569280395e-06,5.660935143436692e-06,0.6473149492017417,892,7.236054160153186e-05,0.4506692979836668,0
mitchberger106,0.29385307346326833,0.14692653673163417,0.14692653673163417,0.3898946049363378,0.002053765809436988,0.0029560592790462024,0.0018650941793144052,0.009936131201324389,0.009859592827635965,0.5813234384662956,2820,0.12172704583485962,0.3844874720584456,1
a_global_globule,0.3313343328335832,0.1649175412293853,0.1664167916041979,0.39845848887636715,0.0037841278985234557,0.0033000823598968217,0.0036479080132645328,0.010691320214618005,0.0106361671200785,0.5180180180180181,3220,0.13138708993961762,0.3484076948564047,1
neelesh.kp,0.20539730134932532,0.10344827586206896,0.10194902548725637,0.3852940786244046,0.0004948130321122295,0.0020694620328332997,0.000455337206939935,0.007802160958206154,0.007955107194458307,0.7587382779198636,1780,0.09837546036005924,0.46330464677583183,1
allicaravella,0.05997001499250375,0.029985007496251874,0.029985007496251874,0.3179520269076757,6.105626690135058e-05,0.000849889632018806,6.825473768114277e-05,0.0023440464552611684,0.002328294981942655,0.8263157894736842,157,0.029061602631197652,0.47007856341189674,1
grant__mak,0.3583208395802099,0.18140929535232383,0.17691154422788605,0.4058877956919614,0.008454365176001448,0.0037965526932873693,0.007907563242243273,0.010832282267792816,0.010814500911038425,0.43561500131130343,3322,0.13343147530296728,0.29576250741347593,1
aliyoungin,0.043478260869565216,0.022488755622188904,0.020989505247376312,0.2773135725131065,2.2011351744457146e-05,0.0007752025692654962,2.5450923104130636e-05,5.366771811778465e-06,5.827747242863547e-06,0.7142857142857143,75,7.774683876995171e-05,0.3440996654746799,9
wyatt_jernigan,0.3613193403298351,0.18140929535232383,0.17991004497751123,0.4031317674496085,0.007517569890385843,0.0036856853431564466,0.007176069624015101,0.010524358764752582,0.010654047080741507,0.43622550979608155,3273,0.13118885642476621,0.2801760465608414,1
susenanne00,0.029985007496251874,0.014992503748125937,0.014992503748125937,0.3181068988155703,0.0001972561316144019,0.0005781477936698499,0.0002593128517305307,0.0003861742421127761,0.0004048882858784852,0.5333333333333333,24,0.004777740711418188,0.14058283864004317,4
lesbiancedar,0.29535232383808097,0.14692653673163417,0.14842578710644677,0.3608140681040695,0.01327745310224613,0.0036883316430149386,0.017279338005634422,6.064905268495232e-05,5.81050619677369e-05,0.40444444444444444,2002,0.0007876857029792852,0.27517149168701316,9
theashleyzhou,0.2368815592203898,0.12143928035982009,0.11544227886056971,0.38919753472489027,0.0010191328729386928,0.002434721041345786,0.0009846428011782984,0.008310514375515797,0.00848790924629982,0.6351851851851852,2058,0.10477188849439276,0.3903189303802336,1
artsykern,0.08245877061469264,0.041979010494752625,0.04047976011994003,0.31443113301317566,0.0001389711862103081,0.0012005590547574008,0.0001625324833328879,0.00028510564986569545,0.0002636600953642038,0.7103448275862069,309,0.003291989245988618,0.37065252216012246,2
orgil.batzaya,0.019490254872563718,0.008995502248875561,0.010494752623688156,0.29807095539405104,5.7413986110401005e-05,0.0004504256039590526,8.830872959119514e-05,0.00035607337436517877,0.00020958614424518548,0.3333333333333333,7,0.0025671223622954426,0.12181565539601667,2
cwsayshaii,0.1934032983508246,0.095952023988006,0.09745127436281859,0.3488640295236997,0.0019556835102006965,0.002373426402618144,0.0020767956667503552,0.0007661168148845602,0.0007882628110787737,0.48508098891730606,1138,0.009854840150377922,0.28323794258886487,2
lifansers,0.004497751124437781,0.0014992503748125937,0.0029985007496251873,0.23274179018829858,4.9911745534522386e-05,0.0004978346925270539,4.983923024902533e-05,1.701064855873699e-07,6.592861890177073e-08,0.0,0,8.309790683401629e-07,0.0,7
juliamurrow,0.07346326836581708,0.034482758620689655,0.038980509745127435,0.32330369468730985,0.0002629726445312412,0.0010141794820812185,0.0003115097347338819,0.0007303544213135109,0.0006653875370996636,0.4707692307692308,153,0.008432521050945416,0.16518370300991952,4
leviwasheree,0.05847076461769115,0.02848575712143928,0.029985007496251874,0.28040938740591065,6.708220743507676e-05,0.0009147638717430097,8.671504390867285e-05,7.566204992265753e-06,7.0677940038641e-06,0.5947368421052631,113,9.009406342871139e-05,0.2738940469688695,9
saniiiika,0.06446776611694152,0.029985007496251874,0.034482758620689655,0.3077631777890508,0.0003087154936990872,0.0008462196135353059,0.0003563313095278159,0.001112442917886701,0.0009574284823014271,0.3115942028985507,86,0.011247552577807253,0.1487747957992999,2
gimmiemmy,0.20389805097451275,0.10194902548725637,0.10194902548725637,0.3503613000366769,0.0031705977961216554,0.0025793251486249335,0.0027813565226879294,4.96482568069331e-05,5.012998535476304e-05,0.540920716112532,1269,0.0006507934525991548,0.3286694567561863,9
bpecial_bops,0.06596701649175413,0.031484257871064465,0.034482758620689655,0.34210239039725815,6.380541754552014e-05,0.000774216238650526,7.6999060409297e-05,0.0027219038783290934,0.002566913838309648,0.83399209486166,211,0.03177229132338833,0.5005655914715662,1
garypeas962,0.01649175412293853,0.0074962518740629685,0.008995502248875561,0.3043212783170391,0.0005300801927543359,0.0008009522183852936,0.0005185796896674725,5.257130915637403e-06,4.975339618797341e-06,0.9333333333333333,14,6.162917104870977e-05,0.2611683848797251,7
itsjoyree,0.12593703148425786,0.06446776611694152,0.06146926536731634,0.349237146132816,0.0009176082649530602,0.0015698304741816062,0.0009025080106360397,0.001497686602503984,0.0015936323394969319,0.4393939393939394,435,0.019649860811815564,0.18696719194006717,2
_menoninblack,0.10794602698650674,0.05397301349325337,0.05397301349325337,0.3612131987103793,0.0018949723201430154,0.0014935929747300985,0.0020062936249667616,0.001549476024494352,0.0015662543444544207,0.2702702702702703,180,0.01924702497539209,0.1182964310355642,2
sithmyirz,0.029985007496251874,0.014992503748125937,0.014992503748125937,0.30545999217416553,6.151285658590831e-06,0.0012995146726964095,5.6635488919347e-06,5.424058604211238e-06,5.739503126804173e-06,0.9111111111111111,41,6.792512404609398e-05,0.42496493688639553,7
sam.4.samm,0.3313343328335832,0.1634182908545727,0.1679160419790105,0.39318089299721,0.0915678320838184,0.0044838399491382635,0.08725382479187338,7.258088857121666e-05,7.176482991322798e-05,0.3599873577749684,2278,0.0009410552729388134,0.2525593434852015,9
ana.my_beloved,0.020989505247376312,0.010494752623688156,0.010494752623688156,0.30849006295151904,1.885760020253496e-05,0.001032013622480437,2.6092099960136692e-05,6.894557441046934e-06,6.975620623593878e-06,0.8095238095238095,17,8.663210415801677e-05,0.2020460358056266,7
whos_big_danny,0.014992503748125937,0.0074962518740629685,0.0074962518740629685,0.33000175000928034,0.006193914175080024,0.000538798239610752,0.0065337108755108425,0.00011259704974439089,0.00010294545864462324,0.2857142857142857,6,0.0013647100395904374,0.05040871934604905,8
kayla_maguire,0.0029985007496251873,0.0014992503748125937,0.0014992503748125937,0.2730240231055041,0.0,0.00026933596306421637,0.0,2.569175412394293e-06,2.6344483026844562e-06,0.0,0,3.3264363511443784e-05,0.0,9
dukeegr93,0.13343328335832083,0.06896551724137931,0.06446776611694152,0.34517624908475997,0.0008621438338423165,0.0015231228896983064,0.000913655874683532,0.0042065467380890805,0.0041450674915222375,0.46993524514338575,508,0.05101212877262072,0.29946880255774067,1
jaunts_of_jenny,0.01199400299850075,0.005997001499250375,0.005997001499250375,0.3015112942143886,0.0,0.0007274733584162942,0.0,1.4264724593070403e-05,1.4224803778216846e-05,1.0,6,0.00017832659178703764,0.06132075471698113,9
tongwu519,0.08995502248875561,0.04497751124437781,0.04497751124437781,0.33542550758519046,0.00027083822722472203,0.0011879154355537499,0.0003133935119719292,0.0006667359829967131,0.0006997882066515889,0.6201680672268908,369,0.008765787171170273,0.2859403580163183,2
zenn.jenn_,0.014992503748125937,0.0074962518740629685,0.0074962518740629685,0.2350030454366196,0.0030067373539802446,0.001707798674006455,0.0030361959217096845,7.280994314217441e-08,5.9541951503210884e-08,0.4,4,9.333440262338921e-07,0.0967741935483871,3
therealbigmads,0.022488755622188904,0.01199400299850075,0.010494752623688156,0.2866872095120131,0.009086112921084086,0.002043600217868667,0.009392283149930812,1.2623092234223828e-07,1.1680105060860178e-06,0.07142857142857142,2,1.508568748604338e-05,0.01583949313621964,9
jeremysfertig,0.13493253373313344,0.0704647676161919,0.06446776611694152,0.3530126828477653,0.00042156572655925736,0.0015122691935976046,0.0004316678638952633,0.004743096025770342,0.0049989918061596845,0.7132284921369103,771,0.0612827026144508,0.41789253222294886,1
m.koppang,0.014992503748125937,0.0074962518740629685,0.0074962518740629685,0.28631015487433836,5.2130106712312974e-05,0.0004261080631623007,4.905344900579532e-05,2.9123271500663723e-06,2.9246578526504317e-06,0.6,6,3.8673722601132624e-05,0.34806629834254144,9
avivahwang,0.19640179910044978,0.09745127436281859,0.09895052473763118,0.3604158185807758,0.0024475610107969692,0.002346662180857782,0.0024781567415511577,0.0015570036389544264,0.0015617186877264749,0.4540792540792541,974,0.019188426240262676,0.22586530206497674,2
mcdonoughh,0.06446776611694152,0.031484257871064465,0.03298350824587706,0.24812821552749464,5.994479367154905e-05,0.001037061767594109,8.993066831474233e-05,1.5206079323490374e-06,1.6153684835228325e-06,0.6996047430830039,177,1.7658841985158708e-05,0.43880813953488373,0
lead_foot_betty,0.01199400299850075,0.005997001499250375,0.005997001499250375,0.3015112942143886,0.0,0.0007274733584162942,0.0,1.4264724593070403e-05,1.4224803778216846e-05,1.0,6,0.00017832659178703764,0.06132075471698113,9
