username,degree_centrality,in_degree_centrality,out_degree_centrality,closeness_centrality,betweenness_centrality,pagerank,load_centrality,hits_hub,hits_auth,clustering,triangles,eigenvector_centrality,square_clustering,community
andreasjoseph,0.07196401799100449,0.035982008995502246,0.035982008995502246,0.33855545011320154,0.0001489046766160584,0.0009216658107796306,0.00020141421699190252,0.0026924467568989682,0.002688358927457501,0.8007246376811594,221,0.03335799489487115,0.47607466806888393,8
aleksandra_maria7,0.07496251874062969,0.034482758620689655,0.04047976011994003,0.34979831990806953,0.00030427863961993336,0.0010253504580593794,0.00032095796366589347,0.0008337169726047769,0.0007803206923306552,0.6182336182336182,217,0.009531143818420776,0.22516685531400024,1
senoritanitaa,0.10794602698650674,0.05397301349325337,0.05397301349325337,0.31292451522202486,0.000320701644497939,0.001467446097149339,0.0003160927017793166,2.2195642774582607e-05,2.2257118711093056e-05,0.6777777777777778,427,0.0002950810704485851,0.38154083436782904,2
larabreitkreutz,0.16041979010494753,0.08545727136431784,0.07496251874062969,0.3803572878674233,0.006772404529558175,0.002297931765933754,0.007424817026971765,0.001739996527562611,0.0022218929086207,0.33998790078644886,562,0.027069418575220286,0.15211990540066697,1
beeeef.stew,0.031484257871064465,0.013493253373313342,0.017991004497751123,0.27521005616028904,0.0019411197007757367,0.0007762331254858726,0.001842178572439271,4.216059612998585e-06,3.1485676689322384e-06,0.3787878787878788,25,4.2181785951135115e-05,0.23511391920352287,2
cole_honeycutt,0.07496251874062969,0.037481259370314844,0.037481259370314844,0.3373313343328336,0.00035868639155186254,0.0010332795019417224,0.0003978172364902296,0.0011138801719885142,0.001100474549854149,0.46153846153846156,150,0.013485163284390093,0.17987225962368375,1
imalittleman_ish,0.34182908545727136,0.17391304347826086,0.1679160419790105,0.43918861013340005,0.0674026334096803,0.003960104564045062,0.06732498252985974,0.009509652235911286,0.009776923539720537,0.3950524737631184,2635,0.12082974388994237,0.26254441410248774,8
avavaxu,0.1664167916041979,0.08545727136431784,0.08095952023988005,0.34979831990806953,0.001830176278405681,0.0021901200722897803,0.0017971068054090824,0.0008959107126473517,0.00094854445325453,0.48370927318295737,772,0.0116137817843065,0.24594725772528717,0
sithmyirz,0.029985007496251874,0.014992503748125937,0.014992503748125937,0.30545999217416553,6.15128565859083e-06,0.0012995146726964095,5.663548891934699e-06,5.424058604211298e-06,5.739503126802269e-06,0.9111111111111111,41,6.792512404609399e-05,0.42496493688639553,10
missanndrisst,0.047976011994003,0.0239880059970015,0.0239880059970015,0.29129057237661277,0.00031904051605573393,0.0008521033367285281,0.00032228408045260475,6.281179734305201e-06,6.463432227966554e-06,0.5441176470588235,74,8.582072671730159e-05,0.2803762738437418,2
tonyteleky,0.18590704647676162,0.09295352323838081,0.09295352323838081,0.3514927143532647,0.0001950503454189065,0.0018880892628491542,0.00020408528521462547,0.007105228823363261,0.007008702863423218,0.7331524197195839,1621,0.08687463027040962,0.46446935167312775,8
alexblumenstock,0.2608695652173913,0.13343328335832083,0.12743628185907047,0.3871211993292032,0.0006313351912799443,0.0026065707118830095,0.0005823103114912866,0.009273556901909702,0.009508611727912892,0.652014652014652,2670,0.11673529619210034,0.41593235583537785,8
anniewang97,0.0704647676161919,0.043478260869565216,0.026986506746626684,0.29725692456457253,0.00017495152667825901,0.00118997519344131,0.00026867111118756794,0.00015653920529343468,0.000248098838606023,0.6735632183908046,293,0.003054703138505243,0.3761818319340443,0
rachelsaruski,0.043478260869565216,0.020989505247376312,0.022488755622188904,0.2885874782449694,5.8049064316504534e-05,0.0007415813854863776,6.16106333470249e-05,5.289544094670404e-06,5.381549317193547e-06,0.6571428571428571,69,6.976847933031948e-05,0.2676160990712074,2
10000alpacas,0.09295352323838081,0.05697151424287856,0.035982008995502246,0.3288386018471127,0.00024290673194981395,0.0015014553113229972,0.00023204669088929057,0.0002659610402498421,0.0004247751868505241,0.581646423751687,431,0.00523964978727762,0.3280009622323791,0
r_doubs,0.005997001499250375,0.0029985007496251873,0.0029985007496251873,0.30123314726400635,0.0,0.0004942877167907931,0.0,1.3847332215980145e-05,1.3803995140346774e-05,1.0,1,0.00017305312517268005,0.0,2
madi_barnes9,0.043478260869565216,0.022488755622188904,0.020989505247376312,0.29971246593316464,0.009665517407443676,0.0016958910286026042,0.01042389190873932,7.057895941006837e-05,6.217957559368808e-05,0.3333333333333333,51,0.0007881879916887449,0.11163600198906017,6
allie.sewald,0.1649175412293853,0.08245877061469264,0.08245877061469264,0.2824712211368364,0.0005696128920243965,0.002694080097984401,0.0005162225380569104,5.911792101403534e-06,5.836895892135973e-06,0.6363636363636364,945,7.610256726635375e-05,0.4450713414118471,3
charliedracos,0.3028485757121439,0.15442278860569714,0.14842578710644677,0.4178333098326077,0.024966058632267436,0.0033297803230284816,0.02864688825773533,0.009666612169167074,0.010019983435473284,0.5326480106605749,2798,0.12365282977514616,0.3563208814932066,8
lexxpino,0.07796101949025487,0.038980509745127435,0.038980509745127435,0.3361160387382222,0.00042836132876751336,0.0011056611367255813,0.0005280359811360466,0.0012185375689547679,0.0011956252264875694,0.5107692307692308,166,0.01510209049565125,0.1809763389113712,1
_angela.wei,0.09895052473763118,0.050974512743628186,0.047976011994003,0.3488640295236997,0.0007738965716861415,0.0013865176181731044,0.0008496523107103805,0.000885705103600204,0.0009248395870161381,0.5187165775401069,291,0.011180529191267037,0.2035117946638964,1
mle_quinn,0.0029985007496251873,0.0014992503748125937,0.0014992503748125937,0.17669736560291283,0.0,0.0006115911852332498,0.0,7.126629990881484e-10,7.025494577304131e-10,0.0,0,8.790586685121297e-09,0.0,9
didyoumeanzoe,0.15592203898050974,0.08095952023988005,0.07496251874062969,0.34609086553702484,0.0003460777948432129,0.0016544372843214706,0.0003383305799397379,0.005363174123883606,0.005697218033862948,0.6675324675324675,1028,0.06931545095754282,0.40816878232251996,8
andrewdoesstuff4,0.08245877061469264,0.04497751124437781,0.037481259370314844,0.27944949219870163,8.980072295583154e-05,0.001614197525564791,8.97828280446568e-05,2.1420727745471447e-06,5.762598555612349e-06,0.7254901960784313,407,7.380713182008201e-05,0.4972621492128679,3
tribby__,0.10044977511244378,0.047976011994003,0.05247376311844078,0.3751139938359367,0.0018185654516216787,0.0013725702440119283,0.002168798395135032,0.0011284357863995083,0.0008865282169624412,0.5396825396825397,340,0.01083835406418914,0.2082665945541156,1
bpecial_bops,0.06596701649175413,0.031484257871064465,0.034482758620689655,0.34210239039725815,6.380541754552016e-05,0.0007742162386505258,7.699906040929703e-05,0.002721903878329093,0.002566913838309644,0.83399209486166,211,0.03177229132338834,0.5005655914715662,8
annaclaire16,0.11094452773613193,0.06146926536731634,0.04947526236881559,0.2807710504163224,0.0008475574848271366,0.002230861347788095,0.0006963324782497939,6.1446448391906935e-06,6.977579151086683e-06,0.5679442508710801,489,8.603608223002357e-05,0.3819355381283771,3
kiendoll.vn,0.0029985007496251873,0.0014992503748125937,0.0014992503748125937,0.24653584872342993,0.0,0.0004933354614085878,0.0,1.743851545576187e-06,1.7247400802589302e-06,0.0,0,2.137712306536039e-05,0.0,9
andimsophie,0.06746626686656672,0.034482758620689655,0.03298350824587706,0.291160705870872,0.0011642635244300513,0.0011658047518231225,0.0011249661736245618,7.694196821476372e-06,7.939725177173527e-06,0.466403162055336,118,0.00010445399574946096,0.23830078433436858,2
itskellyrac,0.008995502248875561,0.004497751124437781,0.004497751124437781,0.26930864464674875,0.0,0.00033536362333819506,0.0,1.6369895493728405e-06,1.6545445049484525e-06,1.0,3,2.1611181398239298e-05,0.4503311258278146,2
lsaporito2,0.272863568215892,0.136431784107946,0.136431784107946,0.3894296143520369,0.004074999994671673,0.0028312794609547604,0.0037628889811240403,0.008577032436039972,0.008565468247464368,0.532967032967033,2231,0.10560267295912673,0.3264783453788277,8
shaynasiersma,0.1184407796101949,0.05847076461769115,0.05997001499250375,0.35745673961049035,0.0016156035042231038,0.0016280518740966789,0.0015410525687043477,0.0012962673049233767,0.0012741322616066262,0.5038461538461538,393,0.01576725880860471,0.208847588978186,1
ana_logs_,0.14842578710644677,0.07496251874062969,0.07346326836581708,0.3236241146027581,0.00045547801629548286,0.0019344208234118062,0.0004657796278669462,3.2452253033559404e-05,3.5780596634495904e-05,0.590204081632653,723,0.00046652006185266074,0.35908613120633154,2
bridget_w_,0.06446776611694152,0.03298350824587706,0.031484257871064465,0.39845848887636715,0.014774517032254388,0.001203092424684385,0.01554664524754137,0.00037298827916448546,0.0004808796834818275,0.29004329004329005,67,0.005945305723919792,0.09764007384124133,2
charismaticalpaca,0.029985007496251874,0.014992503748125937,0.014992503748125937,0.30545999217416553,6.15128565859083e-06,0.0012995146726964095,5.663548891934699e-06,5.424058604211296e-06,5.739503126802269e-06,0.9111111111111111,41,6.792512404609399e-05,0.42496493688639553,10
joro214,0.20089955022488756,0.10194902548725637,0.09895052473763118,0.3505493629996596,0.0018305045820149923,0.002554128015952662,0.0014520363936957306,5.5399585921644674e-05,5.393697344979525e-05,0.5746478873239437,1428,0.0007064130556048975,0.35111375503998943,2
drobertpease,0.029985007496251874,0.020989505247376312,0.008995502248875561,0.3267000816750204,0.001014727227340938,0.0018908635186550894,0.0014980560240883567,6.746890082458797e-06,2.6686182386661754e-05,0.34065934065934067,31,0.0003425182490760367,0.08450155763239875,10
collins.elizabetha,0.0239880059970015,0.01199400299850075,0.01199400299850075,0.23084958051197094,1.458782527544286e-05,0.0011988270967767903,3.109530626466924e-05,1.829665346082327e-06,1.8730429202216301e-06,1.0,28,2.4045848067091468e-05,0.7181818181818181,6
jamiekim01,0.017991004497751123,0.008995502248875561,0.008995502248875561,0.32588496171076137,5.3324675650665834e-05,0.0004793271396489479,8.891555751515276e-05,0.00035415464536668243,0.0003489653298907217,0.5333333333333333,8,0.004400324610827279,0.1223128243143069,8
roux.blue.stagram,0.09745127436281859,0.047976011994003,0.04947526236881559,0.3226647545792321,0.0025339831640545244,0.0015315881008778186,0.0032081802217130964,1.503965843397352e-05,1.4212657533816493e-05,0.4375,231,0.00019014617225369225,0.23423471004542093,2
l_ttang,0.14842578710644677,0.07196401799100449,0.07646176911544228,0.3413870691418535,0.0011350312564607909,0.0018392225746418306,0.0011573375040116875,0.0008916049705580489,0.0008132269115484947,0.5429864253393665,720,0.010174835979726772,0.2776154600663648,0
genevievepc47,0.01199400299850075,0.005997001499250375,0.005997001499250375,0.28320618528550123,0.0017698276826376182,0.0007428740570683388,0.002119131739959237,3.3864876451949413e-06,3.4354457443740405e-06,0.3333333333333333,2,4.412356841916283e-05,0.09041095890410959,2
v_schrag,0.013493253373313342,0.005997001499250375,0.0074962518740629685,0.3229839086391522,0.0015279635033468267,0.0004312154170947748,0.0017253359201511455,0.00016355285557190902,0.0001608689333942468,0.4,4,0.002022700986350349,0.040498442367601244,8
yt.gong,0.13193403298350825,0.05847076461769115,0.07346326836581708,0.3608140681040695,0.0037488293218331547,0.0015813847177297874,0.003671784089175111,0.0012569371094921355,0.00089142221376078,0.375,441,0.011146859863914093,0.16351764246756584,0
faithholt,0.0029985007496251873,0.0014992503748125937,0.0014992503748125937,0.3010942661449358,0.0,0.0002840898573656469,0.0,1.365336089124885e-05,1.360826600172236e-05,0.0,0,0.00017060752173439449,0.0,2
lead_foot_betty,0.01199400299850075,0.005997001499250375,0.005997001499250375,0.3015112942143886,0.0,0.0007274733584162943,0.0,1.4264724593070352e-05,1.4224803778216753e-05,1.0,6,0.00017832659178703775,0.06132075471698113,2
logandiener,0.005997001499250375,0.0029985007496251873,0.0029985007496251873,0.27509412943065115,0.0007360567073675633,0.0003390400145281288,0.0008607200218540844,2.0020831938935654e-05,1.994922274602818e-05,0.0,0,0.00024617538269105675,0.0,3
alexc_1995_,0.04047976011994003,0.019490254872563718,0.020989505247376312,0.30892784449780786,0.00026384566880397067,0.0006425033234438143,0.0003420832236549205,0.00039666964809457344,0.00041586537533789706,0.39166666666666666,47,0.005021066207977219,0.15010989010989012,0
kaholi.k,0.13343328335832083,0.06596701649175413,0.06746626686656672,0.3013721565613133,0.0018022066166280683,0.001855256864895042,0.001747042232638097,2.2269095203383445e-05,1.986034411796136e-05,0.502020202020202,497,0.00026508382798342645,0.29879322203464015,2
taliyahh,0.10794602698650674,0.050974512743628186,0.05697151424287856,0.3182619216707436,0.0031425926879357574,0.001467944297188344,0.0031937629307308263,0.0003701103637589749,0.00033053619613746514,0.5290148448043185,392,0.004193090457105364,0.29486159386909,0
michaelmdodd,0.08245877061469264,0.04047976011994003,0.041979010494752625,0.3293360883854593,0.0002784497718790538,0.0011685186100284968,0.00035833113970727183,0.0006106021269380405,0.0006039831564020597,0.6164021164021164,233,0.007449701465004402,0.2433225833126602,1
lizfinneran,0.06596701649175413,0.03298350824587706,0.03298350824587706,0.2629120222497447,0.00020110140270379468,0.0011670070399751105,0.00024680993635946383,5.929495094254195e-06,5.843903347713887e-06,0.5670995670995671,131,8.102668557714905e-05,0.28193685893166376,2
messejangold,0.13793103448275862,0.06746626686656672,0.0704647676161919,0.36423506038391845,0.00017960371591760853,0.0014137395535089878,0.00018272317029820008,0.005521133566903829,0.005314050772624688,0.818686401480111,885,0.06532937562554095,0.4843110504774898,8
luckylogan11,0.06146926536731634,0.031484257871064465,0.029985007496251874,0.27802190858593695,0.00029287500973509435,0.001083978459837376,0.00031262612350324933,3.163597807751865e-06,3.4146954601872275e-06,0.6623376623376623,153,4.169694198700982e-05,0.4237091919425793,3
stoked.18,0.1649175412293853,0.08545727136431784,0.07946026986506746,0.32394517027200687,0.01579939583603615,0.0029401087233578652,0.016252279431344687,1.2142609990165133e-05,1.2202889122572911e-05,0.47978142076502733,878,0.0001538583883133443,0.34317567979205166,3
mirza9,0.22488755622188905,0.11394302848575712,0.11094452773613193,0.3551242323373387,0.005378705796594726,0.002926258018260261,0.004648974547114244,5.1173104788126235e-05,5.404294700016533e-05,0.5119298245614035,1459,0.0007132751322565449,0.31923088293051677,2
willbrodner,0.3793103448275862,0.1889055472263868,0.19040479760119938,0.39628244130362,0.00765684315564804,0.0038881488432943073,0.007143973528793968,0.010990026418862375,0.010915469179003769,0.43157105361829773,3453,0.13479146241265094,0.2981617015769997,8
noidontpopmolly,0.06446776611694152,0.029985007496251874,0.034482758620689655,0.3439038774451637,0.0006425878166418191,0.000871227440465074,0.0006128431165598549,0.0004578671198177531,0.0003235764625883353,0.5788177339901478,235,0.0039813863117222365,0.26897417266662266,0
brittecornish,0.03298350824587706,0.01649175412293853,0.01649175412293853,0.2885874782449694,4.306068086935918e-05,0.0006242817122471487,4.51671863570567e-05,4.52963755101563e-06,4.556952241079924e-06,0.8363636363636363,46,6.070789393999802e-05,0.33204384268214054,2
bakanyon,0.12893553223388304,0.06446776611694152,0.06446776611694152,0.3306701079839827,0.00042669302007269856,0.001697516450767313,0.0004217317246351376,0.0005419584265798744,0.0005382394558028243,0.6301218161683277,569,0.006766730122228199,0.34116600457076246,0
emmanuelwerr,0.0074962518740629685,0.004497751124437781,0.0029985007496251873,0.26515365946746483,0.000207944608963071,0.0004987887839639925,0.00030167884200858985,1.264235981108279e-05,1.2156330545890611e-05,0.6666666666666666,2,0.00016278852399618913,0.23076923076923078,6
benfrederick49,0.10344827586206896,0.050974512743628186,0.05247376311844078,0.2798086817773633,0.0005095039201222779,0.0016625289645999942,0.0005086484773728394,4.367184121251977e-06,4.191730189763583e-06,0.5645645645645646,376,5.28664247205912e-05,0.4106627457387137,3
sarahxbernal,0.05547226386806597,0.026986506746626684,0.02848575712143928,0.3466419656413831,0.005716706693864406,0.0012536487959187658,0.0057911401655593685,0.0014071500351806633,0.0014184458281342207,0.4093567251461988,70,0.017345293774408153,0.22010481181515007,8
sambmccann,0.08845577211394302,0.041979010494752625,0.046476761619190406,0.33422388089476246,0.00042550565472208933,0.0012050104461993325,0.0005114247834304608,0.0004465839569484446,0.00042006744287946616,0.6693548387096774,332,0.00542488309916783,0.3247563352826511,0
susenanne00,0.029985007496251874,0.014992503748125937,0.014992503748125937,0.3181068988155703,0.00019725613161440198,0.0005781477936698499,0.00025931285173053065,0.000386174242112776,0.0004048882858784862,0.5333333333333333,24,0.004777740711418188,0.14058283864004317,1
daniekristine88,0.01649175412293853,0.0074962518740629685,0.008995502248875561,0.3043212783170391,0.0005300801927543361,0.0008009522183852936,0.0005185796896674725,5.257130915637444e-06,4.975339618796178e-06,0.9333333333333333,14,6.162917104870979e-05,0.2611683848797251,10
qzhang123,0.1634182908545727,0.08395802098950525,0.07946026986506746,0.3660725690966176,0.003192055718992719,0.0021077077747095924,0.0030629415498871874,0.0011315970437230595,0.0014388341045376031,0.4243132670952659,726,0.017435062158490063,0.20376966760976206,0
kendontharp,0.1184407796101949,0.05697151424287856,0.06146926536731634,0.2807710504163224,0.0002997285014077098,0.0018889162670038392,0.00019914304628995094,5.088005688983752e-06,6.322822567358058e-06,0.6947271045328399,751,8.102918650598974e-05,0.47871044225639675,3
moirahaney,0.029985007496251874,0.014992503748125937,0.014992503748125937,0.2870652585795015,2.1966580080804425e-05,0.000575346133511863,2.305979398706132e-05,5.138158196237685e-06,5.202134225673493e-06,0.6222222222222222,28,6.872257002873992e-05,0.36101169172035313,2
izzy.canning,0.09895052473763118,0.04947526236881559,0.04947526236881559,0.3335410946212287,0.007287992606647177,0.0013478036385574542,0.008501931228033183,3.2904832029060384e-05,2.7932855918315274e-05,0.6417112299465241,360,0.0004131601527679899,0.3382815448484086,2
tayl.or.bethany,0.008995502248875561,0.004497751124437781,0.004497751124437781,0.25681221520580644,0.00216378582278057,0.0011541658923695341,0.0022157899400874646,1.769651248336418e-06,1.7511356640578011e-06,0.6666666666666666,2,2.1701356485749504e-05,0.1111111111111111,9
subrubansandinista,0.038980509745127435,0.008995502248875561,0.029985007496251874,0.2629120222497447,4.734012394706547e-05,0.00047507350025551703,4.558567623756202e-05,3.2515590058110563e-06,2.151422685703178e-06,0.7105263157894737,135,2.6763238452991355e-05,0.4887833938378479,3
prinutbutterandpatelly,0.05397301349325337,0.026986506746626684,0.026986506746626684,0.2940447831014704,0.00010619047054748998,0.0008228202949725269,0.00015368930298684838,1.0617917129375799e-05,1.1111864414181687e-05,0.6013071895424836,92,0.00014128970725290528,0.3158756137479542,2
zqiufeng,0.08695652173913043,0.047976011994003,0.038980509745127435,0.32588496171076137,0.00032153718779352373,0.0012979101822577976,0.00036588599722097825,0.0005137471438970563,0.0005743563401829399,0.6136363636363636,324,0.007346448263326963,0.3021832181544274,0
cassandra.turk,0.10794602698650674,0.05547226386806597,0.05247376311844078,0.3716980439774421,0.0016227552531437827,0.0014882457195370086,0.0018570484182129094,0.001628804374116397,0.001746775279646803,0.3229018492176387,227,0.02137379323691968,0.13594915722575296,1
ataugustning,0.06896551724137931,0.037481259370314844,0.031484257871064465,0.33542550758519046,0.000962886769929505,0.001217728884475681,0.00124561031625424,0.0009392213567631166,0.0009987449372516834,0.26666666666666666,80,0.012405177769631197,0.11311408850994722,0
sarah.madera,0.191904047976012,0.10044977511244378,0.0914542728635682,0.34336144230723753,0.001861815916938213,0.002606608402668956,0.0019383098497540176,4.5873612784607155e-05,4.783237229683707e-05,0.5201266395296246,1150,0.0006462850320893128,0.33181016419447634,2
hannahgenender,0.09895052473763118,0.04947526236881559,0.04947526236881559,0.3355978742386258,0.0005503117453476234,0.001299766025362804,0.0005985630053689498,0.0007996754814318361,0.0007783925629431298,0.6084033613445378,362,0.009616312936777996,0.27148460715559253,0
serickson_,0.08995502248875561,0.041979010494752625,0.047976011994003,0.29444249921928123,0.00012602388491675775,0.001203830403603164,0.0001461845109360953,2.0119137212144955e-05,1.7414273973180256e-05,0.6975806451612904,346,0.00023179228364124816,0.39705953474875466,2
sam.mccormickk,0.020989505247376312,0.010494752623688156,0.010494752623688156,0.3349094683427517,0.001700784431164649,0.0008400349453936683,0.0019110162962840095,0.0004219884857290746,0.0004370674241016882,0.6190476190476191,13,0.005221649330390055,0.14285714285714285,8
oscarli101,0.019490254872563718,0.004497751124437781,0.014992503748125937,0.2629120222497447,3.275592623587707e-05,0.00034633073187623914,4.267603969692033e-05,8.463128001603489e-05,2.0086117091192428e-05,0.37777777777777777,17,0.00024119379112433762,0.23837667454688732,0
_annapauline__,0.1409295352323838,0.06896551724137931,0.07196401799100449,0.3345663233956792,0.003159359458684428,0.0019698751514327347,0.0029748422018430433,3.5454538048354476e-05,3.2896764960745136e-05,0.6205673758865248,700,0.00045281804962374675,0.3773676341702325,2
matthewbarbano,0.14842578710644677,0.07346326836581708,0.07496251874062969,0.3462743707679564,0.0010516517005156388,0.0018957729871489084,0.0011394701452329974,0.0008393150383637479,0.0008233456706374363,0.521870286576169,692,0.010423925874602584,0.2744503180900393,0
reed.mk,0.050974512743628186,0.025487256371814093,0.025487256371814093,0.3439038774451637,0.0005040107330427343,0.0008354751527011905,0.0005392969768774123,0.0006026029290036595,0.0005338216870896555,0.5816993464052288,89,0.006152232967726979,0.1535344439441693,1
candi.sheehan,0.07346326836581708,0.038980509745127435,0.034482758620689655,0.39106195405291366,0.004783133992442049,0.00129690184979673,0.004604420518235354,0.0010469331212551289,0.0009277611899401331,0.27635327635327633,97,0.011702116825342631,0.1115819669459204,1
onkarsingh1996,0.017991004497751123,0.008995502248875561,0.008995502248875561,0.29312094401632216,3.4036308955967286e-05,0.0004647425069055366,5.461958530497686e-05,0.0002457387921237029,0.000254585079839706,0.13333333333333333,2,0.0030593774943174466,0.0867003367003367,0
maddy_mads_madison,0.07196401799100449,0.02848575712143928,0.043478260869565216,0.2775492831569765,0.00031823992486338596,0.0010020389822023197,0.00033159317729068325,3.91871044568517e-06,3.3626806940705905e-06,0.6795698924731183,316,4.0367311843999735e-05,0.45302541801004725,3
tjangz27,0.14392803598200898,0.0704647676161919,0.07346326836581708,0.34774944795972623,0.0014243473065491921,0.0017729559710923815,0.0015273483414705268,0.0013102566051267908,0.0012944360013861318,0.4931972789115646,580,0.016023562861717234,0.22597190293742017,0
demma_andy,0.1649175412293853,0.08695652173913043,0.07796101949025487,0.34719482364081117,0.00015136320814898577,0.0017738944399704384,0.0001754019017419973,0.00571333300109712,0.006284363910092581,0.7352425482174167,1258,0.07731230923080179,0.4348798181885137,8
jmai94,0.1829085457271364,0.0914542728635682,0.0914542728635682,0.3320149787841209,0.001129512356130394,0.002352364042940429,0.0011853176084470987,3.7052852787850004e-05,3.482209248889795e-05,0.5972677595628415,1093,0.0004916275848823266,0.3556863880577808,2
megan_zheng_,0.17841079460269865,0.08995502248875561,0.08845577211394302,0.3600184472262215,0.004154851220136815,0.0022698738562507755,0.004369575488569505,0.001868876953224528,0.0019193374631721145,0.28700564971751413,508,0.023385022901686744,0.12470683435969881,1
trothertrunks,0.038980509745127435,0.019490254872563718,0.019490254872563718,0.37468357043509226,0.012404129543811189,0.0016860858524790333,0.01498460851519042,0.00012579442991577993,0.00012585281274643466,0.1794871794871795,14,0.001560626456396816,0.03516028955532575,10
kenzie_pensyl,0.1199400299850075,0.07196401799100449,0.047976011994003,0.2816185697578119,0.0003323790102839722,0.002448289261032379,0.0001956537029110028,4.436248195167758e-06,7.124010425176883e-06,0.6675531914893617,753,9.229716087570077e-05,0.4610283743533469,3
madsmenoher,0.06146926536731634,0.029985007496251874,0.031484257871064465,0.2897397796221676,8.312787271660207e-05,0.0009397058044388833,8.046607947415852e-05,7.780806593083349e-06,7.6039528018935805e-06,0.6333333333333333,133,9.70496314673273e-05,0.300661631243047,2
simranprakash,0.10194902548725637,0.050974512743628186,0.050974512743628186,0.3426408516623115,0.001359661786430253,0.0013325916033706847,0.001587215023361131,0.0018908186164705947,0.0018759031963923925,0.38412698412698415,242,0.02341402570834147,0.164331299776719,1
lesbiancedar,0.29535232383808097,0.14692653673163417,0.14842578710644677,0.3608140681040695,0.013277453102246135,0.0036883316430149377,0.0172793380056344,6.064905268494907e-05,5.810506196773745e-05,0.40444444444444444,2002,0.0007876857029792855,0.27517149168701316,2
dukeclubswimming,0.08095952023988005,0.037481259370314844,0.043478260869565216,0.32539783919699344,0.0002465421268194044,0.0010728191730441045,0.00027454663615178384,0.0011387116855837104,0.0010673838967618775,0.6133004926108374,249,0.013192862994255787,0.20989286211214694,1
sarahrsalmon,0.05997001499250375,0.029985007496251874,0.029985007496251874,0.31950756519978757,0.00036299052861934794,0.0009597241112440778,0.0003248874595283148,2.3756796508939968e-05,2.318440777366308e-05,0.6857142857142857,144,0.00030408573781868695,0.3927622645964933,2
ehc.views,0.08845577211394302,0.043478260869565216,0.04497751124437781,0.31564691313115795,0.00011455878538651323,0.0011644322769570393,0.00010499786797203672,0.0004406713637021571,0.00041547447731138745,0.7520161290322581,373,0.0050989592853033505,0.38938851538170494,0
lil_chin,0.1394302848575712,0.06896551724137931,0.0704647676161919,0.32330369468730985,0.0003432818096489889,0.001821612274899392,0.00032335528648985186,3.4705553325852226e-05,3.4522496684386246e-05,0.6347517730496454,716,0.00045555774389271505,0.3727081935078356,2
stfuveronica,0.17541229385307347,0.08845577211394302,0.08695652173913043,0.32186962211353665,0.00046579100518695423,0.002236565112195119,0.0004431325621783001,3.688179380447742e-05,3.729652293362069e-05,0.6382232612507306,1092,0.0004962202774247988,0.38239143046018104,2
jewelsincel,0.15292353823088456,0.07946026986506746,0.07346326836581708,0.2830834257773584,0.0018061769715248806,0.0029229061500552793,0.0018931477435857557,7.342558785820413e-06,7.36589620457403e-06,0.5660377358490566,810,9.603766141273585e-05,0.4031430976860474,3
jordynkapis,0.06146926536731634,0.029985007496251874,0.031484257871064465,0.2781403165538185,5.541389742630444e-05,0.0011012786346926637,7.76112127930839e-05,1.6949120681788281e-06,3.2037344758436526e-06,0.7628458498023716,193,4.1811117847714345e-05,0.5109952072173668,3
mad.lad.crad,0.07346326836581708,0.037481259370314844,0.035982008995502246,0.3265367316341829,3.8418623538671404e-05,0.0008978986201006738,4.6115917763776625e-05,0.0029705033118039453,0.0031201407482579382,0.8490028490028491,298,0.03791400895848243,0.4929609292025399,8
thuantrn,0.19490254872563717,0.10194902548725637,0.09295352323838081,0.36855161583993556,0.0019487392740954082,0.0021892976552701903,0.001898162942937392,0.005955584812577131,0.006323590984040543,0.5408252853380158,1232,0.07851764529073645,0.3191915837415345,8
chipsiduke,0.22188905547226387,0.10794602698650674,0.11394302848575712,0.4033807679236355,0.0074920610445867244,0.0021974366341298316,0.006846513376394634,0.007767254585422051,0.007502538629966202,0.5745098039215686,2051,0.09194108401017899,0.3696140122258107,8
elainec6,0.08695652173913043,0.041979010494752625,0.04497751124437781,0.39484489919490073,0.002086716333685387,0.0011617198776321504,0.001852602514720269,0.0019769992858253275,0.0017009066705335686,0.3954022988505747,172,0.021433337999515495,0.1791846871922237,8
torguh,0.13343328335832083,0.06596701649175413,0.06746626686656672,0.32186962211353665,0.017758734249451198,0.0026216534661207516,0.01839379951088836,1.1570912989518443e-05,1.1353737784481845e-05,0.5828571428571429,714,0.00014359533052255664,0.4047971182146989,3
eciprian,0.04947526236881559,0.025487256371814093,0.0239880059970015,0.2940447831014704,8.350880611190317e-05,0.0008109833566755431,0.00010828029960267969,9.4700572831269e-06,8.11383037391432e-06,0.5,68,0.0001277143016264229,0.30007186120521506,2
annarosina.holcombe,0.029985007496251874,0.013493253373313342,0.01649175412293853,0.2659093905815822,0.0013014498513913367,0.0013360904732264106,0.0012616823126303978,1.4490969780875611e-05,1.280809310096426e-05,0.8363636363636363,46,0.00017094607738561829,0.46733668341708545,6
jdechicchis,0.20689655172413793,0.10494752623688156,0.10194902548725637,0.3819143060048923,0.0008847889205527607,0.0020716967077596938,0.0008590910491082024,0.008055001741509698,0.008270424440686555,0.7937888198757764,1917,0.10203015932629331,0.487242970893227,8
izzie.red,0.01199400299850075,0.005997001499250375,0.005997001499250375,0.3015112942143886,2.438720579650115e-06,0.0006967683849431127,2.438720579650115e-06,1.4338122437898291e-05,1.4323113010803333e-05,0.8333333333333334,5,0.00017950123788584808,0.07272727272727272,2
ad_deca,0.05997001499250375,0.020989505247376312,0.038980509745127435,0.2894829181154104,0.00017546646520323503,0.0007421454562669316,0.00016792431434819305,1.0645851466579585e-05,5.822104484518411e-06,0.5107692307692308,166,7.714908726939104e-05,0.28731612756091074,2
abbie.27,0.1199400299850075,0.05847076461769115,0.06146926536731634,0.3608140681040695,0.0012568150490008987,0.0016540141173011997,0.001261040716211035,0.001131736177059755,0.001084121052981008,0.5121951219512195,420,0.013501226310233021,0.20722679505099134,1
jaymartyabo,0.020989505247376312,0.010494752623688156,0.010494752623688156,0.30220891405292266,3.173810507588767e-05,0.0005489414316584813,5.444043371559466e-05,0.0005013032204364421,0.0005120843659659395,0.7142857142857143,20,0.006147914563952988,0.2839176829268293,8
poofi02,0.019490254872563718,0.008995502248875561,0.010494752623688156,0.3115808507959761,5.539004748368764e-05,0.0005140418338835557,8.079330013457112e-05,0.00010071847609078261,9.282725111567049e-05,0.6190476190476191,13,0.0011143347058483544,0.17098445595854922,0
heezybreezybeautifulxlovergirl,0.09745127436281859,0.04947526236881559,0.047976011994003,0.30333184545674213,0.0010926060819937008,0.0014743794868789307,0.0011780833835390312,1.4013626262837024e-05,1.4214327386671607e-05,0.5321969696969697,281,0.00019021394920549538,0.2811451691377942,2
shesdoingherbestok,0.08395802098950525,0.04047976011994003,0.043478260869565216,0.3499857788147727,0.0008035963295156147,0.0012501872251245055,0.0008553559197986921,0.0011631251808704394,0.0008361318397132466,0.5440860215053763,253,0.010204490692044602,0.1974532347601884,1
aidanzfitz,0.08395802098950525,0.041979010494752625,0.041979010494752625,0.32442794995944646,0.0011161614221456863,0.0012070141383280011,0.001382521707292298,0.0009353578003381432,0.0009815094389629118,0.2777777777777778,105,0.01157432643078784,0.11247864575244604,1
gimmiemmy,0.20389805097451275,0.10194902548725637,0.10194902548725637,0.3503613000366769,0.0031705977961216524,0.002579325148624933,0.0027813565226879333,4.9648256806930454e-05,5.0129985354760785e-05,0.540920716112532,1269,0.000650793452599155,0.3286694567561863,2
dendayyyy,0.09295352323838081,0.046476761619190406,0.046476761619190406,0.3390827950510726,0.0009716681319981824,0.0012856453023218685,0.001079229235391319,0.0011233625488751707,0.001117482959553059,0.513978494623656,239,0.013949727041830251,0.17128883611794307,1
jacobasiazeller,0.035982008995502246,0.01649175412293853,0.019490254872563718,0.24709552147876118,0.00014516321266227109,0.0007712051554154227,0.00017840543243019148,1.0064993696304868e-06,7.022690224539865e-07,0.4380952380952381,46,8.82440392470509e-06,0.2707140129820542,3
gracialufineart,0.08095952023988005,0.035982008995502246,0.04497751124437781,0.28065039246599305,0.0006565008742339172,0.0012924284024644712,0.0005830619778660456,5.492230171116492e-06,3.515284673787661e-06,0.5540229885057472,241,6.479414276194657e-05,0.3776507232154286,3
sammysamjam,0.08545727136431784,0.046476761619190406,0.038980509745127435,0.35706586291326725,0.0005345104584917701,0.0012805103215317668,0.0005477412405639877,0.0008431939760015095,0.0009677728464732856,0.5118279569892473,238,0.0118388463395228,0.19714576962283384,1
jasonbrovich,0.335832083958021,0.16941529235382308,0.1664167916041979,0.39845848887636715,0.004397821786156846,0.0034700947789107948,0.004296904786989769,0.010422368853505986,0.010643724452204255,0.4974715549936789,3148,0.13115944046419034,0.33937429159912735,8
kirvavas,0.017991004497751123,0.008995502248875561,0.008995502248875561,0.27474693448395704,2.059069679333402e-05,0.0005066863834902055,1.641294657814778e-05,2.2681709494272215e-06,2.1565565573351875e-06,0.7857142857142857,22,2.763904651567546e-05,0.3458528951486698,3
garypeas962,0.01649175412293853,0.0074962518740629685,0.008995502248875561,0.3043212783170391,0.0005300801927543361,0.0008009522183852936,0.0005185796896674725,5.257130915637444e-06,4.975339618796178e-06,0.9333333333333333,14,6.162917104870979e-05,0.2611683848797251,10
juliamurrow,0.07346326836581708,0.034482758620689655,0.038980509745127435,0.32330369468730985,0.0002629726445312408,0.0010141794820812185,0.0003115097347338817,0.0007303544213135115,0.0006653875370996661,0.4707692307692308,153,0.008432521050945418,0.16518370300991952,1
jaunts_of_jenny,0.01199400299850075,0.005997001499250375,0.005997001499250375,0.3015112942143886,0.0,0.0007274733584162943,0.0,1.4264724593070355e-05,1.422480377821677e-05,1.0,6,0.00017832659178703775,0.06132075471698113,2
caroline.eliza.f,0.10344827586206896,0.05247376311844078,0.050974512743628186,0.39365489045712226,0.002520515179659132,0.001295076284407358,0.0021807872265837956,0.0033321194360027362,0.0033390866995111437,0.5428571428571428,323,0.041455644396862376,0.3148819804260219,8
dukegreekally,0.038980509745127435,0.01199400299850075,0.026986506746626684,0.36855161583993556,0.0022275732482526594,0.000510147812584096,0.00199103100046637,0.0009700016104220412,0.0005597112334743172,0.2875816993464052,44,0.006832566675110956,0.14165649993222176,8
esmeyesme,0.05247376311844078,0.025487256371814093,0.026986506746626684,0.28320618528550123,3.3552694767076505e-05,0.0008191137506030414,3.769572352836279e-05,8.972507858468819e-06,8.586702321011956e-06,0.7516339869281046,115,0.00011312066470824441,0.36104420790925335,2
miche_zhao,0.0074962518740629685,0.004497751124437781,0.0029985007496251873,0.3013721565613133,5.627816722269496e-07,0.000545136261429385,5.627816722269496e-07,1.3854354694569134e-05,1.40261230041987e-05,0.6666666666666666,2,0.00017575921154439446,0.06382978723404255,2
eric.werbel,0.23088455772113942,0.11544227886056971,0.11544227886056971,0.3721216314919463,0.0015558973301958228,0.0023772821206812823,0.001518678720612967,0.00820949233955632,0.008180397951739606,0.646020646020646,1940,0.10145417099438984,0.40555356503045503,8
pingshan.zhang,0.014992503748125937,0.0074962518740629685,0.0074962518740629685,0.32817761973284715,0.01986186123144411,0.0015624175914932892,0.02041552782507079,0.0001220209164839327,0.00012410142733193549,0.2,2,0.0015132009132195548,0.006711409395973154,9
goldenglobegurl,0.22338830584707645,0.11244377811094453,0.11094452773613193,0.35416131413685786,0.003793707243967797,0.0029019919053193456,0.0033129458756085625,5.855886800720119e-05,5.9378509802291466e-05,0.527927927927928,1465,0.0007727996926604996,0.3310512763343694,2
jillian.taylor,0.13343328335832083,0.07646176911544228,0.05697151424287856,0.4004129143276308,0.005462660705691592,0.0017265767481943362,0.005100424931559347,0.0034954273442799775,0.004618758339596665,0.504313725490196,643,0.056542703998288125,0.2834127403091192,8
ko.karam,0.041979010494752625,0.020989505247376312,0.020989505247376312,0.3053171871287358,0.00031760604359238806,0.0007696097848778583,0.00032826137827579377,0.0005053967094789948,0.0004650125075046516,0.3523809523809524,37,0.005604269076469733,0.12528765021733573,1
nesh170,0.13043478260869565,0.06296851574212893,0.06746626686656672,0.3466419656413831,0.0008804337558543247,0.00165993397543907,0.0009821890367140902,0.0006352425703481874,0.000607882932260664,0.5735430157261795,620,0.007556486027387653,0.29210991141745357,0
icespk_,0.05397301349325337,0.026986506746626684,0.026986506746626684,0.2777853948397983,0.0002365471970965576,0.0011289215992701252,0.00019519809510542633,5.151176844338863e-06,5.194981628839677e-06,0.5490196078431373,84,6.443999986038489e-05,0.3285410676334542,3
njones_9,0.07796101949025487,0.041979010494752625,0.035982008995502246,0.278614958732238,0.0001405615907686776,0.0015874136648864848,0.00012570427602433842,3.990743527393375e-06,3.90069344181947e-06,0.6298850574712643,274,5.145354905722061e-05,0.4232523114253441,3
leah_mattingly,0.017991004497751123,0.008995502248875561,0.008995502248875561,0.27660883662361957,7.565259203206827e-06,0.0004677534426037851,1.2040819696202522e-05,2.262259835247337e-06,6.570752058729473e-07,0.7333333333333333,11,2.8748600842126497e-05,0.3411042944785276,3
ying2zhang,0.04497751124437781,0.022488755622188904,0.022488755622188904,0.3139776265713297,4.404934371103088e-05,0.00073611405060503,5.70162792399526e-05,0.0005753654925160881,0.0005732736364425316,0.8476190476190476,89,0.007129087545382842,0.24546172059984214,1
harithalappat,0.017991004497751123,0.010494752623688156,0.0074962518740629685,0.33388213868525857,4.670299118361285e-06,0.0005731088387672659,7.127079007805313e-06,0.00028455716367724727,0.0005431414887862643,0.8095238095238095,17,0.0065502495949399326,0.22087269455690509,8
max_ingwersen,0.136431784107946,0.06896551724137931,0.06746626686656672,0.2994376264412498,0.0002641461095695057,0.001819893404141572,0.00027058685743367,2.322410707706111e-05,2.3334189775105275e-05,0.6320921985815603,713,0.0003145357292257584,0.36624393042266795,2
leviwasheree,0.05847076461769115,0.02848575712143928,0.029985007496251874,0.28040938740591065,6.708220743507676e-05,0.0009147638717430097,8.671504390867284e-05,7.566204992265354e-06,7.067794003864661e-06,0.5947368421052631,113,9.009406342871143e-05,0.2738940469688695,2
tarini_mathur,0.07196401799100449,0.038980509745127435,0.03298350824587706,0.3167184593929999,0.0002785099012391672,0.0011442731339729561,0.0003011100266585006,1.1909602417052981e-05,1.3746837297709684e-05,0.6584615384615384,214,0.00018318009022069855,0.34059170745752954,2
andysmithereens,0.2368815592203898,0.10044977511244378,0.136431784107946,0.3821377783899156,0.0007322464699687841,0.0019987202541743914,0.000736718753286275,0.009737462872229501,0.007395715941543786,0.6581196581196581,2695,0.0909099675655378,0.41670476556478026,8
bazefferton,0.29235382308845576,0.15142428785607195,0.1409295352323838,0.39106195405291366,0.001931199244564591,0.002995941384079999,0.001734687701361455,0.009494594302497274,0.010099821220225971,0.5544554455445545,2856,0.12482180205210884,0.3698089190666417,8
saraahllu,0.08545727136431784,0.041979010494752625,0.043478260869565216,0.33542550758519046,0.0011684191799243996,0.0013195249092924325,0.0014448812466055156,0.000952451779686564,0.0007977335120035995,0.3645320197044335,148,0.010065367882460218,0.15186782042391533,0
zoesophie___,0.0704647676161919,0.034482758620689655,0.035982008995502246,0.30863585220622203,0.00023808707750806973,0.0010170322465184608,0.0002303363090429388,1.832027353696403e-05,1.7918618401131376e-05,0.7753623188405797,214,0.00023560163954799136,0.429003271356992,2
ireneklim,0.21889055472263869,0.11094452773613193,0.10794602698650674,0.3357704181328359,0.0024882033217392507,0.002863652997022559,0.0024186645434670895,3.6584223124399105e-05,3.972492450249901e-05,0.4746390225842281,1282,0.0005269844713390694,0.3,2
racholeharmon,0.15742128935532235,0.07946026986506746,0.07796101949025487,0.30248886672921066,0.0003384161819153218,0.0020524476836354306,0.0003309740092996335,2.6349318111520925e-05,2.6792616357208124e-05,0.6676342525399129,920,0.00036016448867303596,0.38630656958825654,2
guitartist42,0.18440779610194902,0.0914542728635682,0.09295352323838081,0.3483058470764617,0.0017226586254061084,0.0022586622341461064,0.0017382394470639927,0.0010463178656059358,0.0010292963588800588,0.4997355896351137,945,0.012935721941429704,0.27233733187931664,0
abby_fergus,0.05247376311844078,0.026986506746626684,0.025487256371814093,0.2894829181154104,2.1478450174615318e-05,0.00086305815708992,2.4073411786084345e-05,6.43129580385936e-06,7.518427714517612e-06,0.7254901960784313,111,9.962663340549933e-05,0.3261017461637312,2
mollyelizabeth.m,0.06746626686656672,0.035982008995502246,0.031484257871064465,0.3616132133268914,0.002119418921693923,0.0010110486602728295,0.0018757012553988854,0.0011443889735873554,0.0014519485104742447,0.5733333333333334,172,0.018074666051660828,0.20218281036834926,1
jeremysfertig,0.13493253373313344,0.0704647676161919,0.06446776611694152,0.3530126828477653,0.0004215657265592569,0.0015122691935976042,0.0004316678638952631,0.004743096025770344,0.004998991806159686,0.7132284921369103,771,0.0612827026144508,0.41789253222294886,8
neenzheng,0.06296851574212893,0.03298350824587706,0.029985007496251874,0.2816185697578119,8.488024570820265e-05,0.001019333946504252,0.00010092672028144116,7.775121900465985e-06,7.914522377696057e-06,0.5928853754940712,150,0.00010007617015100144,0.2879232726560971,2
sophieyagoda,0.01649175412293853,0.008995502248875561,0.0074962518740629685,0.30347279891652684,2.6545964849112316e-05,0.0008905353457469468,5.450257902156952e-05,2.1011277703382987e-05,1.9700725861760015e-05,0.5333333333333333,8,0.000264799511186211,0.07775377969762419,2
ask.krier,0.14392803598200898,0.07196401799100449,0.07196401799100449,0.34737950173849247,0.0016067557538314641,0.0017950113668379953,0.001607519280520892,0.00161301359720345,0.0015719633682404208,0.42772108843537415,503,0.019638829956153722,0.18628926733764253,0
greilly16,0.36731634182908546,0.18440779610194902,0.1829085457271364,0.39700514484399135,0.0050226599560336165,0.0036893140656327826,0.004618174513717979,0.011008970157795218,0.011231189197758205,0.4409448818897638,3528,0.13795856963599135,0.30897847761013925,8
zenn.jenn_,0.014992503748125937,0.0074962518740629685,0.0074962518740629685,0.2350030454366196,0.003006737353980244,0.0017077986740064552,0.003036195921709684,7.28099431421775e-08,5.9541951502981994e-08,0.4,4,9.333440262338929e-07,0.0967741935483871,9
maggieeluong,0.136431784107946,0.06896551724137931,0.06746626686656672,0.37684562219755674,0.021309755301940455,0.0022447986564436205,0.020652580828297688,0.00018638042914548517,0.00018283571015725349,0.5033816425120773,521,0.0023507877474459515,0.28602614934390636,2
kyle.ockerman,0.21139430284857572,0.10794602698650674,0.10344827586206896,0.4099645092707883,0.006674195392853714,0.0022465007447201525,0.0057480440211120426,0.00726029200984959,0.007480308444932374,0.6442161339421614,1693,0.09194087851729998,0.3840187998455537,8
justinkoga,0.21589205397301348,0.10644677661169415,0.10944527736131934,0.36834374690827176,0.0005838042858223757,0.002128719270580846,0.0006135484554754771,0.008296640282495809,0.008025506620492937,0.7386153276564236,1995,0.09929661603674361,0.45870607081407844,8
kadealpers,0.1184407796101949,0.07196401799100449,0.046476761619190406,0.3255600514797437,0.0010039714228965008,0.0019635126962612806,0.0011225084225998834,1.8445264730273005e-05,2.6280754905292783e-05,0.48936170212765956,552,0.0003500037244961748,0.3159848025989758,2
cardboardchopsticks,0.01199400299850075,0.005997001499250375,0.005997001499250375,0.2359369448223865,1.7001641189547236e-06,0.000580738256856457,1.1472408607174557e-06,2.100331877238905e-07,2.3504649558607623e-07,1.0,6,3.222851310559409e-06,0.17777777777777778,2
gjadick,0.07496251874062969,0.035982008995502246,0.038980509745127435,0.39082792535509625,0.004360326831916199,0.0010092127925289724,0.004055812765399752,0.001591726311077752,0.0015295611972336019,0.38746438746438744,136,0.01894433501160609,0.15510619954541893,8
shanvferrie,0.1394302848575712,0.06896551724137931,0.0704647676161919,0.3006783900867246,0.0007755597638319657,0.001949389746096426,0.0008242986200757398,1.7706651602675865e-05,1.7139424397825527e-05,0.5356151711378353,579,0.00023243218485810604,0.3005638521244721,2
omarbarazi_,0.08395802098950525,0.04947526236881559,0.034482758620689655,0.2802890400293416,0.00023515800403670317,0.0017874671086404834,0.00017989725531505736,5.4592439359958795e-06,6.149325846239003e-06,0.678030303030303,358,7.89480587626455e-05,0.44988736845644356,3
sawlyons,0.22188905547226387,0.11244377811094453,0.10944527736131934,0.3803572878674233,0.0018139246683164028,0.002327852524730534,0.0017697090922321333,0.007484577538871368,0.007534218851211492,0.6165413533834586,1804,0.09252926471660076,0.37443323829739134,8
henry_kistler,0.2638680659670165,0.13193403298350825,0.13193403298350825,0.3903607072733806,0.0016343324257976468,0.0026366232564718753,0.0015672450995819803,0.0093472930594627,0.00935236374293649,0.6475995914198162,2536,0.11501868566495893,0.40874368424455715,8
piganini,0.15892053973013492,0.07646176911544228,0.08245877061469264,0.3522510589365511,0.0014375669332573062,0.0019113466780134628,0.0015511333677262378,0.0008634827688802369,0.0007786131072538686,0.4962962962962963,737,0.009647475187188797,0.26513027667559363,0
ashley_slivinske,0.019490254872563718,0.008995502248875561,0.010494752623688156,0.27660883662361957,2.283571309296375e-05,0.0004901314402477946,3.8539568700853226e-05,2.219378783720598e-06,5.175600237102373e-07,0.7619047619047619,16,2.778613115471948e-05,0.3367451381780962,3
bad_trip_baby_,0.014992503748125937,0.0074962518740629685,0.0074962518740629685,0.31202745497771894,7.340118196920789e-05,0.0007842988320227506,0.0002659472438484893,1.5089009847702075e-05,1.5058171650721528e-05,0.7,7,0.00018941818048055653,0.06557377049180328,2
alexandria.seese,0.06146926536731634,0.031484257871064465,0.029985007496251874,0.27802190858593695,0.0002188966609362405,0.0011748229280550103,0.00020182999884144507,3.29814954809696e-06,5.401492712538707e-06,0.6363636363636364,161,6.423990401090523e-05,0.3829861841643874,3
geesehater,0.1454272863568216,0.07346326836581708,0.07196401799100449,0.2999878104126623,0.0003357614506869297,0.001973041303090586,0.00034694725770678236,2.2237098057735926e-05,2.3028978518114803e-05,0.6318367346938776,774,0.00030972717208984496,0.3604203254320173,2
tongwu519,0.08995502248875561,0.04497751124437781,0.04497751124437781,0.33542550758519046,0.0002708382272247222,0.0011879154355537499,0.00031339351197192885,0.0006667359829967134,0.000699788206651594,0.6201680672268908,369,0.008765787171170276,0.2859403580163183,0
little__miller,0.1874062968515742,0.0944527736131934,0.09295352323838081,0.34979831990806953,0.0016193405453819453,0.0023962113865128015,0.001345910143513241,5.340165471160563e-05,5.3979319441482034e-05,0.615463389656938,1202,0.0007044652302480826,0.37033009942029854,2
joserivera215,0.23088455772113942,0.11394302848575712,0.1169415292353823,0.3929443220627953,0.009635453953674414,0.0028696499950747875,0.009144477608780975,0.0030146169280759953,0.0030033542619712964,0.24420355314664258,811,0.03705885130624232,0.11647103233808488,1
peru_noprobllama,0.025487256371814093,0.013493253373313342,0.01199400299850075,0.26504604840436924,0.0007010049534885988,0.001304303111233137,0.0005965725829869192,1.4114304440689403e-05,1.2018499272357336e-05,0.9111111111111111,41,0.0001648259703228732,0.4897360703812317,6
mollsprobs,0.1874062968515742,0.095952023988006,0.0914542728635682,0.4066459920724569,0.02277661506531276,0.0024322369096661032,0.02140397847290781,0.00124915146652511,0.0013555688150608878,0.3404426559356137,846,0.016822757668360853,0.17128414552155183,0
tylermeathe,0.08095952023988005,0.037481259370314844,0.043478260869565216,0.38102302407722627,0.0035833220849644533,0.001084949988225083,0.003319575184402678,0.001527240691266564,0.001170654963699629,0.4881720430107527,227,0.01420836028585746,0.20001829784314173,1
_scottylee,0.13793103448275862,0.06296851574212893,0.07496251874062969,0.34300076852330136,9.778424539505718e-05,0.0013283464784332023,0.0001236934897709918,0.0056535471606873385,0.00473477917510509,0.7911010558069381,1049,0.05800674854951298,0.48730483818929116,8
nouveauxpossede,0.043478260869565216,0.022488755622188904,0.020989505247376312,0.2882054118571782,7.198822900201148e-05,0.0007637065182131031,7.920731892815854e-05,6.101769385754134e-06,6.137004346902121e-06,0.6833333333333333,82,7.560974503392568e-05,0.32294288480154887,2
lhaliko,0.010494752623688156,0.004497751124437781,0.005997001499250375,0.3043212783170391,0.0,0.0007632251536004408,0.0,5.2088711937715126e-06,4.9081843440500984e-06,1.0,6,6.0986996363973865e-05,0.15384615384615385,10
neelesh.kp,0.20539730134932532,0.10344827586206896,0.10194902548725637,0.3852940786244046,0.0004948130321122288,0.0020694620328332997,0.0004553372069399352,0.007802160958206152,0.007955107194458301,0.7587382779198636,1780,0.09837546036005927,0.46330464677583183,8
rebsdougsmith,0.029985007496251874,0.014992503748125937,0.014992503748125937,0.36668919891542157,0.009258113491423022,0.0007761496436991321,0.00973442148894764,8.546909336713929e-06,0.00013279013966969067,0.38181818181818183,21,0.001620559003266724,0.10949271722752386,3
carltonoadams,0.07946026986506746,0.04047976011994003,0.038980509745127435,0.31202745497771894,0.00013891414262141193,0.0012337431146619928,0.00016449356654549903,0.00021220482560985058,0.00021412828595054797,0.7354497354497355,278,0.0027039194972163123,0.3916165431062619,0
michelle_kraidman,0.13493253373313344,0.06746626686656672,0.06746626686656672,0.3147341991654775,0.0003536210449369862,0.0017570466320694798,0.00035810927033104364,2.666197939878345e-05,2.683605694932358e-05,0.6353535353535353,629,0.0003554784484733737,0.3679969023014932,2
blexisvs,0.13343328335832083,0.06746626686656672,0.06596701649175413,0.36668919891542157,8.19960108817958e-05,0.001420375553890802,7.77827383518084e-05,0.005260159239786803,0.005378831448301275,0.8575757575757575,849,0.06645374028897778,0.5060365341545353,8
rachelbarkin,0.026986506746626684,0.013493253373313342,0.013493253373313342,0.3306701079839827,4.3306814445712045e-05,0.0005444383621427723,6.323033264622101e-05,0.0009308142257999509,0.000923677526261526,0.6944444444444444,25,0.011538007485006493,0.33964879852125696,8
mak_el_moor,0.05397301349325337,0.0239880059970015,0.029985007496251874,0.3048895720207124,1.1574369307613876e-05,0.0006320724055443631,1.1239608917197503e-05,0.002279068488959328,0.0017869796167976656,0.7971014492753623,220,0.02091244048494163,0.45329770436050043,8
alissa_kong,0.08995502248875561,0.04497751124437781,0.04497751124437781,0.32686359522941233,0.0005426369709495692,0.0012303965705802006,0.0006410012411606682,0.0008376005154866598,0.0008634831100195536,0.4528735632183908,197,0.010364272612542986,0.15768160741885626,1
andiekolarova,0.013493253373313342,0.0074962518740629685,0.005997001499250375,0.30574600340279295,2.3387207787979486e-06,0.0004106971883148003,2.7259129288845077e-06,0.00011343119127421692,0.00012391568784138402,0.7,7,0.0015856850344587977,0.21957040572792363,1
sherryyu2,0.06296851574212893,0.031484257871064465,0.031484257871064465,0.3265367316341829,0.0004685989984251978,0.0010115010876409966,0.00039841035830065464,3.515275033919972e-05,3.369928209488058e-05,0.680952380952381,143,0.000449977211724828,0.3558393096612442,2
kensanity_chu,0.1169415292353823,0.05397301349325337,0.06296851574212893,0.36101352308920165,0.0025416101305294277,0.0015141955819440215,0.002685625671012102,0.0017217263473851636,0.0014535640120196766,0.22067363530778164,190,0.017430445531894156,0.11110943053769946,1
juliegarcia33,0.10794602698650674,0.05397301349325337,0.05397301349325337,0.3150378501053381,0.00022797349200442878,0.0014779683498446622,0.0002451338673351363,2.1972959649636604e-05,2.443435397180883e-05,0.6456456456456456,430,0.000324821205784539,0.38476085133712734,2
esther17cer,0.15592203898050974,0.07796101949025487,0.07796101949025487,0.3466419656413831,0.0011844653230323019,0.0019626460756482205,0.0012862329613691807,0.0009628340599443968,0.0009605639629561317,0.5391872278664731,743,0.012109439322666308,0.27560465229451553,0
bridgette_keane,0.1649175412293853,0.08545727136431784,0.07946026986506746,0.35824106597277333,0.000276963343398497,0.001769079931722953,0.00028536085169538297,0.005958916760009187,0.006469265592919305,0.7324561403508771,1169,0.07964560672742374,0.4462359191888587,8
laurettakraemer,0.14842578710644677,0.07346326836581708,0.07496251874062969,0.30054001991181123,0.00038688846818196406,0.0018937560153591871,0.0003984054253689459,2.4499876380907125e-05,2.4398388959781e-05,0.5749019607843138,733,0.00032518658479484144,0.3440797993993001,2
amrita_sridhar,0.0704647676161919,0.034482758620689655,0.035982008995502246,0.2940447831014704,9.877149260258967e-05,0.0010527837038243346,0.00011069765058130634,1.0567956547582276e-05,1.0089817752237132e-05,0.6557971014492754,181,0.0001359401908125172,0.3357199023300087,2
srurban37,0.05847076461769115,0.034482758620689655,0.0239880059970015,0.277903601390794,0.00010148798884002816,0.0011185743659474917,0.00014624405157647046,1.0741546740744696e-06,3.572113822449824e-06,0.7355072463768116,203,4.1317263886453024e-05,0.462154482045983,3
callie_huffmannn,0.1409295352323838,0.06896551724137931,0.07196401799100449,0.34210239039725815,0.0006761090408411382,0.001754829931707606,0.0007021818256445582,0.0007898856245272518,0.000761820158718142,0.5904255319148937,666,0.009715401824862942,0.3073230126978605,0
cr.ly7,0.12293853073463268,0.06146926536731634,0.06146926536731634,0.32202833494495353,0.00029724986310364007,0.0016397574883556653,0.0003130358727937495,2.728102947011031e-05,2.5465624346711054e-05,0.6646341463414634,545,0.00036342197929368266,0.38674950611274944,2
chriscampscloseenoughforjazz,0.020989505247376312,0.010494752623688156,0.010494752623688156,0.2819833606512806,1.1491714147077461e-05,0.0004906927226254822,1.3673390568053826e-05,0.00011348462066922554,0.00010686049663287895,0.5238095238095238,11,0.0014003740873386418,0.2902638762511374,1
grantgreene97,0.10044977511244378,0.050974512743628186,0.04947526236881559,0.2800486549178241,0.0001927094761613856,0.001696186416942565,0.00015176198155031294,4.4022785904711805e-06,4.353962363026948e-06,0.8092691622103387,454,5.7077316003607974e-05,0.539758210257369,3
phlipp_phlopp,0.1454272863568216,0.07346326836581708,0.07196401799100449,0.37468357043509226,0.0023034810961183095,0.0019888550407101174,0.0024641105899729184,0.0015218847119521119,0.0015259137275945743,0.4370748299319728,514,0.01898767272667182,0.18147806004618938,1
kathrynesimmons,0.11394302848575712,0.05547226386806597,0.05847076461769115,0.39318089299721,0.003353878642182642,0.0013782013007478233,0.003041385856973709,0.0027986577043671813,0.002768290794124871,0.4358974358974359,323,0.03416222481436141,0.21282170212232515,1
carr.polly,0.0704647676161919,0.034482758620689655,0.035982008995502246,0.3006783900867246,0.0003037825118357635,0.0010511004247528751,0.0003923344823735135,1.1483937461554e-05,1.0523775102114048e-05,0.6159420289855072,170,0.0001416325256731603,0.3026619062683599,2
m.koppang,0.014992503748125937,0.0074962518740629685,0.0074962518740629685,0.28631015487433836,5.2130106712313e-05,0.0004261080631623007,4.905344900579528e-05,2.912327150066244e-06,2.9246578526502555e-06,0.6,6,3.867372260113264e-05,0.34806629834254144,2
a.ustinhua,0.10194902548725637,0.047976011994003,0.05397301349325337,0.39460632221653524,0.017176531905501047,0.001696422593613978,0.017740923444576808,0.0005947534071457784,0.0005746253465773668,0.3396825396825397,214,0.007187714028835922,0.1652658053698489,0
chevydevvy,0.026986506746626684,0.01199400299850075,0.014992503748125937,0.30834441136372326,0.0005213457631535115,0.0010599269613014858,0.0006013677743273508,7.017298230614703e-06,7.272773416807696e-06,0.6444444444444445,29,8.686909117488917e-05,0.29860228716645487,10
pokurry,0.12593703148425786,0.06146926536731634,0.06446776611694152,0.33961178537096504,0.0011321420447903895,0.001455741049125828,0.001161632003776583,0.0033424591675864533,0.003134149123871668,0.45182724252491696,408,0.03813086202549505,0.2509189756896179,1
meggandcheese,0.017991004497751123,0.008995502248875561,0.008995502248875561,0.28382158334131496,8.001176547308969e-05,0.00047672191731473854,8.930435333905942e-05,1.6201337025127963e-06,1.5916256105360663e-06,0.5333333333333333,8,2.0893594560006986e-05,0.1623155505107832,2
thatsknottmyjob,0.2083958020989505,0.10644677661169415,0.10194902548725637,0.3788129137287505,0.0008623369377752659,0.002159745458696362,0.0008440043689791334,0.007261431830674969,0.007569879975118929,0.6559356136820925,1630,0.09365009342167027,0.4079214270530461,8
abigail.pease,0.12593703148425786,0.06296851574212893,0.06296851574212893,0.43771679843724254,0.1679975798301537,0.00454083961139164,0.17146106321007534,0.00033508870782735596,0.0003318022431078761,0.12427409988385599,107,0.004161620641496306,0.035243920485374634,10
grant__mak,0.3583208395802099,0.18140929535232383,0.17691154422788605,0.4058877956919614,0.008454365176001448,0.0037965526932873693,0.007907563242243268,0.010832282267792816,0.01081450091103842,0.43561500131130343,3322,0.13343147530296726,0.29576250741347593,8
collinbarack,0.08245877061469264,0.043478260869565216,0.038980509745127435,0.31888352698650674,0.005782196738523107,0.0015322175844501146,0.005720901425652282,8.298108079585262e-06,8.612301856509123e-06,0.5096774193548387,237,0.00010736416436027792,0.35093484419263454,3
theashleyzhou,0.2368815592203898,0.12143928035982009,0.11544227886056971,0.38919753472489027,0.0010191328729386936,0.002434721041345786,0.0009846428011782977,0.008310514375515792,0.008487909246299809,0.6351851851851852,2058,0.10477188849439278,0.3903189303802336,8
davidisoverrated,0.07496251874062969,0.037481259370314844,0.037481259370314844,0.3263735448617521,0.0003887050859204085,0.0010718299745311412,0.0004295523025161597,0.0013503698847060226,0.0013577927955303415,0.5466666666666666,164,0.016750906160020184,0.2076838293182176,1
ofievelmyfievel,0.01649175412293853,0.0074962518740629685,0.008995502248875561,0.270872444325328,0.0040802705454550964,0.0007624617664111774,0.004132135474615596,1.2821473592482774e-06,1.167155431043618e-06,0.2,3,1.6091248328173487e-05,0.07719298245614035,2
clamzhaoder,0.22488755622188905,0.10944527736131934,0.11544227886056971,0.3859772241538805,0.0006034830054771201,0.0021837065502081985,0.0005911734196955063,0.008535853136680116,0.008115545789516709,0.7077922077922078,2071,0.10028431883576817,0.43308113435454887,8
ty.rain_,0.0029985007496251873,0.0014992503748125937,0.0014992503748125937,0.2223607297474858,0.0,0.0004756677295024276,0.0,1.641267929045822e-08,1.784247630768105e-09,0.0,0,2.156333030618333e-07,0.0,2
selmonious_patronious,0.005997001499250375,0.0029985007496251873,0.0029985007496251873,0.21682385898684123,0.0,0.00042551858710250653,0.0,3.586312730688891e-08,3.647266870974126e-08,1.0,1,4.896549016976534e-07,0.16666666666666666,2
melanieerinholmes,0.14842578710644677,0.07346326836581708,0.07496251874062969,0.3350813049093719,0.0005006027680836741,0.0015756805622293285,0.0005176200629713372,0.004936725174662748,0.0047621405275072165,0.6191553544494721,821,0.058654352794312095,0.3508473885211813,8
ethannicklow10,0.2578710644677661,0.13043478260869565,0.12743628185907047,0.36586748642485484,0.0010252733165134612,0.0025741393890516455,0.001019560162408962,0.008690939398074693,0.008943094003711901,0.6001021450459653,2350,0.10984658138537474,0.39055989016832476,8
vedderrise,0.2893553223388306,0.14392803598200898,0.1454272863568216,0.38850295256892675,0.001735351259251832,0.0028181146686684358,0.0015821539561698202,0.009844210551863476,0.009850829853314801,0.5738691516210445,2956,0.12115319923907901,0.38046235327274525,8
_sheenama_,0.10344827586206896,0.050974512743628186,0.05247376311844078,0.33050276481192603,0.0008422738177374725,0.0014270746674039053,0.0009117661467997955,0.0006508691096626397,0.000658557502738308,0.42016806722689076,250,0.007981451197527611,0.2221622108200558,0
andrea.esbr,0.09295352323838081,0.046476761619190406,0.046476761619190406,0.3375056657717653,0.0003038077320459291,0.001285768677817899,0.0003859482361573082,0.0008284757911291055,0.0008457148537135448,0.6129032258064516,285,0.010242281491406104,0.23755202713118545,1
cliodhnawl,0.0029985007496251873,0.0014992503748125937,0.0014992503748125937,0.18995737733227627,0.0,0.0005186365901097491,0.0,8.366730857741754e-10,1.0291532861287717e-09,0.0,0,1.326254745423849e-08,0.0,9
evelyn_the_puppydog,0.01199400299850075,0.005997001499250375,0.005997001499250375,0.3247506033159452,0.0002925475245570731,0.00042478736903455154,0.0003807562695935844,4.8882728783996784e-05,3.253762576122353e-05,0.5,5,0.0004502544768645106,0.07276995305164319,1
alliedoats,0.06896551724137931,0.034482758620689655,0.034482758620689655,0.32817761973284715,0.00012902629376214874,0.0009783429853349383,0.00014373441611139875,0.00041222411052194223,0.0004092290748675347,0.6600790513833992,167,0.005124512882797885,0.3015888300433317,0
thienxhoang,0.191904047976012,0.095952023988006,0.095952023988006,0.37706320050136594,0.0039874584538377115,0.0023730648390895776,0.0038849419012564773,0.0010709991483428061,0.0010770423665600504,0.47836538461538464,995,0.013418725031511317,0.25258765031204017,0
qferrante,0.2983508245877061,0.14992503748125938,0.14842578710644677,0.39413003214747483,0.006367216612473639,0.0033239151270805906,0.006191245656811857,0.009483692203093712,0.009691796429320231,0.5243564356435644,2648,0.11971827994543517,0.3542709100121411,8
thecranequeen.everyone,0.01649175412293853,0.0074962518740629685,0.008995502248875561,0.3009555130268967,1.7804726796938225e-06,0.0003896841784945751,1.9492244167949793e-06,0.00017720501680322032,0.00016163631630928245,0.8,12,0.0018888606233966778,0.20633299284984677,8
amberyil,0.008995502248875561,0.004497751124437781,0.004497751124437781,0.3013721565613133,7.503755629692661e-07,0.000523085093579284,7.50375562969266e-07,1.4137128634578008e-05,1.412058195189556e-05,1.0,3,0.00017696635257496217,0.07042253521126761,2
clemsonkeri,0.005997001499250375,0.0029985007496251873,0.0029985007496251873,0.24304929782968585,0.0,0.00040334871820312446,0.0,1.6187109794000272e-07,1.672266033263461e-07,1.0,1,2.0577267605180973e-06,0.020833333333333332,3
pease4him,0.019490254872563718,0.01199400299850075,0.0074962518740629685,0.31069146682605414,0.0003305523318579874,0.0013711573720237421,0.0004245228689309449,6.945156571538546e-06,7.19801709767683e-06,0.4642857142857143,13,8.943442276679347e-05,0.15371024734982333,10
malbegs22,0.10344827586206896,0.050974512743628186,0.05247376311844078,0.3288386018471127,0.0005112057712860192,0.001369147493382433,0.00047526057946532997,3.576767516280828e-05,3.53806139790346e-05,0.6825396825396826,430,0.0004563926496246272,0.38587157319145793,2
d.w.zhang,0.12593703148425786,0.06296851574212893,0.06296851574212893,0.33117315581560136,0.0009201789120883232,0.0016114611347603156,0.0009162667915473871,0.0009854182736244903,0.0009844796090379981,0.5238095238095238,473,0.012322879140543204,0.25099214846538187,0
elizabethyzhang,0.034482758620689655,0.013493253373313342,0.020989505247376312,0.35416131413685786,0.004332389825129392,0.0006572521711973706,0.004890122162801027,0.0007698010207307221,0.00034913057891853584,0.3516483516483517,32,0.004412295661843928,0.13125568698817106,0
jess__cameron_,0.14392803598200898,0.06446776611694152,0.07946026986506746,0.32155266532169663,0.013514249305414946,0.0022216361291190947,0.01390833044504962,1.2026061544416939e-05,1.1321148052124809e-05,0.5079825834542816,700,0.00014051676488669482,0.3555649508508614,3
annag.g,0.2788605697151424,0.1394302848575712,0.1394302848575712,0.3320149787841209,0.004097409711630236,0.003577260655384174,0.003942159970427813,4.433550649772913e-05,4.5077937023625875e-05,0.4214586255259467,1803,0.0005959824115711377,0.28401501560356396,2
izzydoan,0.06746626686656672,0.031484257871064465,0.035982008995502246,0.34682605590460214,0.0008427813782108342,0.0010129230541057897,0.0009908806057071513,0.0012047053454990013,0.0009705442410683413,0.36594202898550726,101,0.012392468493876275,0.14787079853682103,0
ashleytheproducer,0.17691154422788605,0.09895052473763118,0.07796101949025487,0.3226647545792321,0.0012065250776261555,0.002592718291267507,0.001215629207563633,2.6786175792708194e-05,3.418799385749753e-05,0.5165501165501165,1108,0.00045781001520834257,0.3260811671394662,2
sashaatthedisco,0.031484257871064465,0.01649175412293853,0.014992503748125937,0.34756437640679394,0.0004159675652402012,0.0008335764913141949,0.0005020081232205799,0.0006260029684314739,0.0006619807740631255,0.6181818181818182,34,0.00800510892231894,0.17000835421888053,8
xusiyi82,0.07796101949025487,0.038980509745127435,0.038980509745127435,0.29725692456457253,6.612407101448857e-05,0.0010851755688346457,5.948400422598045e-05,0.00032001082521282117,0.0003018127859987167,0.7592592592592593,287,0.0037450266351191767,0.42094560244026435,0
_menoninblack,0.10794602698650674,0.05397301349325337,0.05397301349325337,0.3612131987103793,0.0018949723201430165,0.001493592974730098,0.002006293624966761,0.0015494760244943516,0.0015662543444544227,0.2702702702702703,180,0.019247024975392095,0.1182964310355642,0
artsykern,0.08245877061469264,0.041979010494752625,0.04047976011994003,0.31443113301317566,0.00013897118621030818,0.0012005590547574008,0.00016253248333288796,0.00028510564986569583,0.00026366009536420257,0.7103448275862069,309,0.003291989245988619,0.37065252216012246,0
helen_girod,0.017991004497751123,0.008995502248875561,0.008995502248875561,0.2227399260806159,1.1657620353272526e-06,0.0009565472242215145,1.1657620353272526e-06,7.870469788669168e-07,6.759213864669298e-07,1.0,15,1.0582507386421133e-05,0.8627450980392157,6
eli_bamb,0.07196401799100449,0.035982008995502246,0.035982008995502246,0.32801278918551774,0.00037146532321780297,0.001016794682974519,0.0004163766325874825,0.001191794951495067,0.0011875232716683298,0.427536231884058,118,0.014771572840438672,0.16724537037037038,1
fionamay17,0.14392803598200898,0.0704647676161919,0.07346326836581708,0.3290042636112674,0.0022124651872076776,0.0018991826403484317,0.002069330031564107,2.841919735002943e-05,2.6914122593367793e-05,0.5937254901960785,757,0.0003617804211181546,0.3499966698699346,2
gen.freddie,0.008995502248875561,0.004497751124437781,0.004497751124437781,0.2150390066738116,0.0029692361026693865,0.001355203130531228,0.0029692361026693865,4.970356385693706e-08,5.071675717918167e-08,0.3333333333333333,1,6.221456036632408e-07,0.07692307692307693,9
elizabethkattt,0.01199400299850075,0.005997001499250375,0.005997001499250375,0.3015112942143886,0.0,0.0007274733584162943,0.0,1.4264724593070355e-05,1.4224803778216778e-05,1.0,6,0.00017832659178703775,0.06132075471698113,2
pchollier,0.21739130434782608,0.10944527736131934,0.10794602698650674,0.3689680583437095,0.0009438895767089971,0.0022065307112283904,0.0009435554823851121,0.007362399579273555,0.007495656474967042,0.6213850837138508,1633,0.09176614116822175,0.37167534595048146,8
melissaleighchurch,0.17991004497751123,0.08995502248875561,0.08995502248875561,0.3486777700311616,0.0017543589129526455,0.002295180013653572,0.0014728344291505128,4.7267018791944414e-05,4.7529107592678675e-05,0.5875706214689266,1040,0.0006218095425964721,0.3528942194777606,2
the_wildest_camilleon,0.11394302848575712,0.05547226386806597,0.05847076461769115,0.36959448968215386,0.0009731590940847067,0.001494316756332825,0.0010493266798581656,0.001441004890819168,0.0014222187102740827,0.4966261808367072,368,0.017518157347845235,0.1865027889479829,1
sharmanultraaaa,0.11244377811094453,0.05697151424287856,0.05547226386806597,0.3167184593929999,0.00027724254265421104,0.0015262483347125626,0.0003048124892707164,2.238216682159539e-05,2.282096512767303e-05,0.5860597439544808,412,0.00030452632902524705,0.3423263900067609,2
theres_a_tong,0.12743628185907047,0.06446776611694152,0.06296851574212893,0.3606148333894897,0.0018263051461865412,0.0016230375259696493,0.001857938054328209,0.0018871435352493025,0.0018720139205247455,0.34249471458773784,324,0.0232487204843749,0.15594846753688868,0
luisantillon14,0.05247376311844078,0.025487256371814093,0.026986506746626684,0.3440850702151559,0.0006404616517070751,0.0008287500395607218,0.0007770883427694988,0.0010122841284693985,0.0009469692918617794,0.35947712418300654,55,0.011719355759385054,0.15470995893223818,1
good_kid_r.a.a.d_city,0.1424287856071964,0.06896551724137931,0.07346326836581708,0.3594240304173725,0.00018996057922349532,0.0014350366093581987,0.00021568737104471643,0.0055613420146986645,0.005308812962877863,0.7714932126696833,1023,0.06480000840478262,0.461410134314144,8
officialness13,0.0029985007496251873,0.0014992503748125937,0.0014992503748125937,0.23274179018829858,0.0,0.0004978346925270539,0.0,6.660220076931116e-08,6.592861890177732e-08,0.0,0,8.309790683401636e-07,0.0,10
keren.amkraut,0.1664167916041979,0.08095952023988005,0.08545727136431784,0.3604158185807758,0.002356172386634507,0.0018316275055674377,0.0023659650854089154,0.005002247614624663,0.004764826162672453,0.5093984962406015,813,0.058715513098124304,0.30544691744293534,8
aniamarecki,0.17241379310344826,0.08545727136431784,0.08695652173913043,0.34942400388890626,0.005506414626823492,0.0023306310939358553,0.005115158885819374,4.27043980218056e-05,4.202701661599956e-05,0.46113383985973116,789,0.000544971390811758,0.2861616067526028,2
thekarozee,0.008995502248875561,0.004497751124437781,0.004497751124437781,0.3041795357561089,0.005416613245941225,0.0009567193747251038,0.005484190561601906,4.664279906862119e-06,4.739754481903495e-06,0.0,0,5.881789720998476e-05,0.0,10
wallaceamelia,0.1424287856071964,0.07196401799100449,0.0704647676161919,0.34572443793984425,0.0013403738586566084,0.0018821960013043267,0.0011585959701423932,4.005045538552048e-05,4.053749107016141e-05,0.5797872340425532,654,0.0005243647362180324,0.34623726227453544,2
aileen.white,0.14692653673163417,0.07346326836581708,0.07346326836581708,0.300401777032367,0.0003289479263041079,0.001939612070625929,0.0003444636947491847,2.3629152185767037e-05,2.385671431019945e-05,0.6190476190476191,728,0.00031927468929793647,0.3596144018117503,2
jimliu905,0.19040479760119938,0.095952023988006,0.0944527736131934,0.3673079095997558,0.00029657069056752126,0.001923826188317719,0.0003088157870855335,0.007280328976051847,0.007454833063598573,0.8020833333333334,1617,0.09191635406172664,0.4840223013837711,8
solstclair,0.12293853073463268,0.05697151424287856,0.06596701649175413,0.2807710504163224,0.0005048428448003884,0.001931131374403238,0.00046843771016235334,5.330596931897104e-06,4.905611018301718e-06,0.6114285714285714,749,6.125336037079715e-05,0.42759526938239156,3
that.maddie,0.034482758620689655,0.014992503748125937,0.019490254872563718,0.30545999217416553,0.0002823258176701175,0.0013235195798845954,0.000181325955379782,2.4937443618509005e-05,5.463685519416193e-06,0.5769230769230769,45,6.792512404609399e-05,0.22692307692307692,10
sexeialexei,0.029985007496251874,0.01649175412293853,0.013493253373313342,0.2661261056513308,0.0013988056403571281,0.0015368824103802357,0.0013084362432086165,1.4109626752894977e-05,1.3027308933272362e-05,0.8363636363636363,46,0.0001759531069249236,0.46733668341708545,6
cindystee,0.01199400299850075,0.005997001499250375,0.005997001499250375,0.3066072597504065,3.205883546578038e-06,0.000984826467862406,1.2006009007508252e-05,5.207530862932602e-06,5.003569166587014e-06,1.0,6,6.575847587921981e-05,0.15384615384615385,10
nikhilvdk,0.06896551724137931,0.038980509745127435,0.029985007496251874,0.3679287117004878,0.008473307801257952,0.0012898082216711417,0.009006369954948659,0.0005455233926083158,0.0006085723997476169,0.26461538461538464,86,0.007632047178989048,0.10303006515425073,0
mollymakowiec,0.043478260869565216,0.020989505247376312,0.022488755622188904,0.2697535990369128,0.00011642398004404473,0.0008100500898099093,0.0001971019303451088,4.4262974932230056e-06,4.344350227168358e-06,0.6833333333333333,82,5.94225985526774e-05,0.31454081632653064,2
nisha_patel25,0.12593703148425786,0.06296851574212893,0.06296851574212893,0.3209206207706958,0.0005649885727175691,0.0017036281564622,0.0007073225388962504,2.0470785828651885e-05,2.0380395818713907e-05,0.6469221835075494,557,0.0002737414018959751,0.3452914798206278,2
lizpasnik,0.014992503748125937,0.0074962518740629685,0.0074962518740629685,0.24478015864631403,7.108509133323779e-06,0.0004827316054592843,1.2241347966274352e-05,4.359269344244572e-07,4.481333303769833e-07,0.7,7,5.904623564891227e-06,0.1639871382636656,2
armaan__sethi,0.0239880059970015,0.01199400299850075,0.01199400299850075,0.3031910228729646,3.3969669449631675e-05,0.0006712565956444188,5.5467013157510925e-05,0.0001105626267855533,0.00011527684399791862,0.5714285714285714,16,0.0013828365101115519,0.11769005847953216,0
tanyakureishi,0.10494752623688156,0.05247376311844078,0.05247376311844078,0.30819889724793104,0.007807488041217713,0.0018990724541030801,0.007693480176733762,1.3581987843204906e-05,1.1705191188814655e-05,0.46218487394957986,275,0.00018196752947119418,0.2608736762481089,2
squirrelsofdook,0.11244377811094453,0.035982008995502246,0.07646176911544228,0.3340529223879109,0.0017699441323650773,0.001001827077365947,0.0020710548359385663,0.0027492301248510185,0.0013179916323442689,0.26936026936026936,400,0.01598571419727101,0.15361830685251254,1
kitaquinn,0.06146926536731634,0.043478260869565216,0.017991004497751123,0.2792105443644146,9.754955459182296e-05,0.001572046499495242,0.000135039398105126,1.0537281370963077e-06,3.993925864836816e-06,0.6896551724137931,280,5.286319157423649e-05,0.481247532570075,3
undependentme,0.01649175412293853,0.005997001499250375,0.010494752623688156,0.23466527605762336,2.588795692243968e-06,0.0007205877010450969,2.588795692243968e-06,8.314507237161498e-07,3.0057310382758886e-07,0.7619047619047619,16,3.6418685501669975e-06,0.5057471264367817,10
wgneff0,0.031484257871064465,0.013493253373313342,0.017991004497751123,0.29861612403674703,0.00221009382033318,0.0005706337665488377,0.002783105798274456,0.000261428045130394,0.00017894868645155237,0.6060606060606061,40,0.0021560879977026415,0.1471014492753623,1
arturitodelreinito,0.0029985007496251873,0.0014992503748125937,0.0014992503748125937,0.2822270800641166,0.0,0.000267006863813134,0.0,8.074534840570057e-06,8.40671475623642e-06,0.0,0,0.00010154284252652992,0.0,0
jferrante21,0.32233883058470764,0.14842578710644677,0.17391304347826086,0.394368033374617,0.006322665106001984,0.0032040939023279215,0.005892762879933965,0.010739134541708373,0.009177627314597394,0.4835082458770615,3225,0.11297765204619538,0.3309474425248068,8
schlegelbagel14,0.10344827586206896,0.04947526236881559,0.05397301349325337,0.25021971772734325,0.00013705078788635896,0.001582762520239946,0.00014282102602674132,2.6121382233735888e-06,2.5542155490219915e-06,0.6486486486486487,432,3.2208210402140406e-05,0.4382219783235012,3
aris_gonell,0.095952023988006,0.04047976011994003,0.05547226386806597,0.32410593710588875,0.00021983804830999783,0.0011162883355685849,0.000284468805202918,0.0003789148493983,0.00031265067093033016,0.6813655761024182,479,0.0038840088842595102,0.3625930320353791,0
nicoleredifer,0.24887556221889054,0.12593703148425786,0.12293853073463268,0.33542550758519046,0.003623671920906913,0.003289446833755475,0.0034813542047387423,4.1865539083655936e-05,4.2380120731349184e-05,0.43529411764705883,1554,0.0005656660689723225,0.28588762066336665,2
nicocrino,0.3028485757121439,0.14842578710644677,0.15442278860569714,0.3889657315475675,0.0023952731352872257,0.0029279381886046967,0.0021607091227601074,0.010444314262203075,0.010070346057384301,0.5842046303211351,3129,0.12420284075845703,0.38751623202616103,8
lancerili,0.25037481259370314,0.13043478260869565,0.1199400299850075,0.3634242978677606,0.0016636894789328464,0.002639983666012028,0.0016890402198003532,0.008094321059774897,0.008666942419552683,0.5438202247191011,2178,0.10674798261223292,0.34969882059925694,8
culbertalex,0.3043478260869565,0.15142428785607195,0.15292353823088456,0.41597035876965976,0.021451985574533785,0.0032948055887303883,0.02254822424122622,0.008726238796931567,0.008632833068745767,0.44793451361126974,2353,0.10631849521249874,0.2716353319515899,8
minhanhtoo,0.0029985007496251873,0.0014992503748125937,0.0014992503748125937,0.24063134239807143,0.0,0.00033924959220174843,0.0,3.323914648137615e-06,2.8151376979370245e-06,0.0,0,3.808894290986584e-05,0.0,0
julietta_cc,0.03298350824587706,0.01649175412293853,0.01649175412293853,0.31888352698650674,0.00014370076268747632,0.0006430209005337027,0.000164142741050974,1.6555753899002755e-05,1.5195799095080616e-05,0.6363636363636364,35,0.00021333535176665724,0.3313161875945537,2
brodgnarly,0.1679160419790105,0.08245877061469264,0.08545727136431784,0.35187147805407637,0.0001859728147527361,0.0016705817850657225,0.00022242971367066847,0.006340251127957395,0.006178341169795677,0.7295825771324864,1206,0.0755324842633875,0.4544301097614998,8
_shararose,0.12443778110944527,0.06446776611694152,0.05997001499250375,0.2957760250309628,0.0005613500834129397,0.0017676690425782178,0.0005171265882546504,1.7288338077346237e-05,1.9340922358777766e-05,0.6522702104097453,589,0.0002596516903473896,0.35983154901076064,2
msangelicapickles,0.12893553223388304,0.06446776611694152,0.06446776611694152,0.320134050621748,0.0004184585168683904,0.0017087289519807022,0.00039242208291869434,2.9387842653884365e-05,2.97942133846465e-05,0.5858250276854928,529,0.00039096166367990964,0.348231590722843,2
thekriin,0.01199400299850075,0.005997001499250375,0.005997001499250375,0.3015112942143886,4.127065596330964e-06,0.0008160138549303796,4.127065596330964e-06,1.4328550549298054e-05,1.430375076376149e-05,0.6666666666666666,4,0.00017937017864968008,0.06018518518518518,2
wyatt_jernigan,0.3613193403298351,0.18140929535232383,0.17991004497751123,0.4031317674496085,0.0075175698903858406,0.0036856853431564487,0.007176069624015101,0.01052435876475258,0.010654047080741504,0.43622550979608155,3273,0.13118885642476613,0.2801760465608414,8
mitrak_,0.0704647676161919,0.034482758620689655,0.035982008995502246,0.3484917093214332,0.0005950933605644467,0.0010556960165906694,0.0006366100458616842,0.0009536794827836612,0.0009450522348416804,0.41,123,0.011523756714574729,0.13394773387198586,1
katemontuna,0.0914542728635682,0.046476761619190406,0.04497751124437781,0.3199771990535844,0.00033319918231376235,0.0013093680969646655,0.00034189811002571313,1.925822477819341e-05,1.7878616109877638e-05,0.6430107526881721,299,0.00026031786791264603,0.34411462585929886,2
jesseferyue,0.0704647676161919,0.035982008995502246,0.034482758620689655,0.3262105211130698,0.0002064381480688847,0.0010592199714390316,0.00025892437697867235,0.0008071228771969923,0.0008311712526023509,0.6231884057971014,172,0.010352978796626694,0.2138213602840754,1
ben.chin_,0.24737631184407796,0.12593703148425786,0.12143928035982009,0.3733982065570988,0.0028068484625585967,0.002616204840227903,0.0029122821189536655,0.007925299432792816,0.008073919160108585,0.5436029833620195,1895,0.09931820081288315,0.340374454853288,8
connor_huston,0.11094452773613193,0.04047976011994003,0.0704647676161919,0.2787338725003696,0.0011459678125936368,0.001428831187184344,0.00099417775222761,6.842660150332967e-06,5.290704262210447e-06,0.5596669750231268,605,6.510440667248295e-05,0.40373091376917086,3
d_munt_,0.31634182908545727,0.15892053973013492,0.15742128935532235,0.39556236418435237,0.0020815333244405196,0.0031227065422442055,0.0019053296025862987,0.010251834490591659,0.01055778430285743,0.5401523018345449,3121,0.13007209819406343,0.3489686754771835,8
nataliejividen,0.12443778110944527,0.047976011994003,0.07646176911544228,0.27897200481348394,0.0004806942332397072,0.0016162836588895252,0.00044113813340231604,5.570209884197498e-06,3.8953273659436225e-06,0.6376470588235295,813,5.084885560060881e-05,0.4511497109744493,3
julie.c.barron,0.029985007496251874,0.014992503748125937,0.014992503748125937,0.34774944795972623,0.00018952312741748564,0.000735132946980727,0.00023592995806011186,0.0007693124084880514,0.0007830886410161302,0.6888888888888889,31,0.009538181417434956,0.23204885238997683,8
charlton_lu,0.05247376311844078,0.026986506746626684,0.025487256371814093,0.3376801774913991,0.0008684706463990895,0.0008406625553089646,0.0008935395649991198,0.0008658919717345366,0.0008989502629321717,0.35947712418300654,55,0.01094527751989119,0.1246821087359956,1
kass_lu498,0.025487256371814093,0.013493253373313342,0.01199400299850075,0.31641156166102996,0.0012790901371734639,0.0011277329462081012,0.0014880241069720082,6.8973765278965e-06,7.069192512527154e-06,0.4,18,8.771038324464442e-05,0.08505367464905036,10
hannahmliu,0.06596701649175413,0.034482758620689655,0.031484257871064465,0.29766338344045845,7.680470552365483e-05,0.0010572925758248026,7.169288499145426e-05,1.8708485038730095e-05,1.9218357596241123e-05,0.6630434782608695,183,0.0002535664642250536,0.3694169529767704,2
queenkadie,0.2368815592203898,0.1199400299850075,0.1169415292353823,0.35473843740812916,0.0058404886208695975,0.003190426869525023,0.005145636292008362,5.6015327572903113e-05,5.644532931295011e-05,0.5003086419753087,1621,0.0007388563479298544,0.31669034064290774,2
rebeccabelll,0.07946026986506746,0.038980509745127435,0.04047976011994003,0.3283426160223056,0.00040190711815307447,0.0011626811411268396,0.0005054904943928886,0.0006596699596732576,0.0006185642171191516,0.5242165242165242,184,0.007908079364348583,0.18553319023125836,1
twoandahalfman_ish,0.0914542728635682,0.04497751124437781,0.046476761619190406,0.36362664992670707,0.0006693778564844271,0.0011500312242404183,0.0007622860912013388,0.003341481207230792,0.0032473945775379027,0.6881720430107527,320,0.03987277844543521,0.40589822309052004,8
sarah_audet_,0.05697151424287856,0.026986506746626684,0.029985007496251874,0.2776672888045773,0.0001622882436525621,0.0010853456840191347,0.00020177897820259873,3.385635677121147e-06,3.352867264957663e-06,0.5736842105263158,109,4.161716092012157e-05,0.3159078735940011,3
fangatical_,0.05697151424287856,0.02848575712143928,0.02848575712143928,0.33820479713535256,0.0022089294131230858,0.000912168233725576,0.002354002057900812,0.0005611894788496893,0.0005644498165796421,0.47953216374269003,82,0.0069740855942461814,0.1563472846765825,1
baejaeyun7353,0.0014992503748125937,0.0014992503748125937,0.0,0.0014992503748125937,0.0,0.0004198416516260952,0.0,-0.0,-1.3204602081521556e-20,0.0,0,7.512502840077769e-58,0.0,4
christinabbird,0.026986506746626684,0.014992503748125937,0.01199400299850075,0.26601770397896773,0.0005829911404718168,0.0013674182234711331,0.00043875369492380834,1.427664928112851e-05,1.3031754667424798e-05,0.8666666666666667,39,0.00017569954114174367,0.4676258992805755,6
jmangold11,0.2893553223388306,0.14392803598200898,0.1454272863568216,0.39748841343175034,0.006999951407038383,0.0028838476225844837,0.007261424706684672,0.009632271702517374,0.009705809172640991,0.5496020190254319,2831,0.11933872269003881,0.35830410819389535,8
haley.richards_,0.07496251874062969,0.035982008995502246,0.038980509745127435,0.24897958950376128,8.716011905009392e-05,0.0012839932983544,8.18198834406041e-05,2.121975015470944e-06,2.047350390207537e-06,0.5494252873563218,239,2.3487342370790915e-05,0.3683611052520565,3
christiana.maimone,0.2383808095952024,0.1184407796101949,0.1199400299850075,0.35765249905167895,0.018381886564874213,0.0033147251909648517,0.01777505727669677,4.498898930982705e-05,4.4965691560291055e-05,0.34507678410117437,1146,0.0005836120758925506,0.22670118343195267,2
hannah.rocchio,0.11244377811094453,0.05697151424287856,0.05547226386806597,0.31950756519978757,0.0019918576102462902,0.0017078382270010936,0.0021180447637956434,1.3730807045159895e-05,1.4362004535240607e-05,0.45519203413940257,320,0.00019163840754223008,0.23683688055908514,2
oliviamckinley_,0.0,0.0,0.0,0.0,0.0,0.00022694046507459848,0.0,-0.0,-0.0,0.0,0,2.3476571375243024e-59,0.0,5
baileylbogle,0.04947526236881559,0.02848575712143928,0.020989505247376312,0.3660725690966176,0.0008933451941171413,0.0009382973461901797,0.0009720972459038049,0.0005468318924838593,0.0007892881287801771,0.42105263157894735,72,0.00959890363346455,0.12843450479233226,1
dakshaat,0.005997001499250375,0.0029985007496251873,0.0029985007496251873,0.304747299705257,0.0,0.00032426590950326254,0.0,0.00014172773173594787,0.00013890600993830994,1.0,1,0.0017625668651536956,0.034482758620689655,8
ragnarwolf_,0.0074962518740629685,0.0029985007496251873,0.004497751124437781,0.24304929782968585,4.500607698991026e-06,0.000447874032512543,2.830701693072155e-06,2.599382975259275e-07,1.6584044401389362e-07,0.6666666666666666,2,2.0577267605180973e-06,0.17880794701986755,3
dukeapo,0.17391304347826086,0.095952023988006,0.07796101949025487,0.35589834510537643,0.0013915742666171726,0.002454350531110398,0.0014515864913381407,0.000645220476282564,0.0008552408767177137,0.5015829941203076,1109,0.010704317860231431,0.28050345128428833,0
ton.czh,0.14392803598200898,0.06896551724137931,0.07496251874062969,0.3318462719859583,0.0016654503323572328,0.0017761468569102402,0.0017068116395694854,0.000757265985137295,0.0006745402509632691,0.4818577648766328,664,0.008368891241254811,0.2606443613383197,0
dj_stxtch,0.12293853073463268,0.05997001499250375,0.06296851574212893,0.3537776074043152,0.00010432239039788525,0.0012934758280214902,0.00010027480230454635,0.004985031684996132,0.004669842991962584,0.8516057585825028,769,0.057711796990684246,0.5152427848176513,8
kabewebster,0.29235382308845576,0.14392803598200898,0.14842578710644677,0.3889657315475675,0.001269330732532485,0.0028189833403127825,0.0011620866169538163,0.0102224958463506,0.010089582453398672,0.6046176046176046,2933,0.12456549999052752,0.3901930886637781,8
quickrocks2,0.10944527736131934,0.05547226386806597,0.05397301349325337,0.33542550758519046,0.0007290007836503334,0.0015407389235597257,0.000893855703856591,0.0008013209777733307,0.0008363242169090534,0.4954954954954955,330,0.010125871710784046,0.2000565131393049,1
polypeoplearehot,0.008995502248875561,0.004497751124437781,0.004497751124437781,0.266343174253004,9.129111244720107e-07,0.0004033515817489397,1.8009013511262383e-06,1.4513449492404118e-06,1.074070333809659e-06,0.8333333333333334,5,1.4224345872639836e-05,0.3201267828843106,2
album___art,0.12293853073463268,0.05397301349325337,0.06896551724137931,0.3537776074043152,0.006017983961536793,0.0014665067094035914,0.005984171852685949,0.0006229062771007503,0.0007541077519322692,0.4259796806966618,587,0.009336134299091452,0.20573367359909261,0
serenackaplan,0.020989505247376312,0.010494752623688156,0.010494752623688156,0.31024867613699086,9.294877613496954e-05,0.0009555060786958184,0.0001359296126742447,6.934290849212501e-06,7.018462062595784e-06,0.7619047619047619,16,8.713153541395562e-05,0.16155419222903886,10
justforpeaches,0.034482758620689655,0.01649175412293853,0.017991004497751123,0.3426408516623115,0.0002461021454261739,0.0006143757110105266,0.0002626235664508842,0.000225081145462315,0.00021735148308117935,0.6818181818181818,45,0.0026595343959819875,0.22682215743440234,0
solomon_bibfitness,0.0239880059970015,0.01199400299850075,0.01199400299850075,0.3051745155459653,1.87241456312803e-06,0.001103659698530474,1.70353118878856e-06,5.245685273360091e-06,5.567245179445486e-06,0.9642857142857143,27,6.579458828815398e-05,0.4271047227926078,10
lyndonrainey,0.06146926536731634,0.034482758620689655,0.026986506746626684,0.27825882542324915,9.675438601800077e-05,0.0011541339955799246,5.404606830745675e-05,3.340090194085945e-06,5.099091418338329e-06,0.7037037037037037,247,6.360518778203509e-05,0.4880636604774536,3
anisankaran,0.014992503748125937,0.0074962518740629685,0.0074962518740629685,0.30054001991181123,2.7443741236116897e-06,0.0005205152034372134,3.7808506490831995e-06,7.417139563613841e-05,7.543781545420674e-05,0.9,9,0.0009265664638279639,0.11985688729874776,0
jenniejacobs,0.22938530734632684,0.11094452773613193,0.1184407796101949,0.3483058470764617,0.005263019290521981,0.0028347228409563363,0.004771862675800841,4.841166517857194e-05,4.7342956826955166e-05,0.45829276209023045,1412,0.0006180761190124304,0.2920905478685502,2
samuel_beckwith,0.1199400299850075,0.06746626686656672,0.05247376311844078,0.28149718244326116,0.0004183902633090475,0.0022121553997061375,0.0003471822160697956,4.759052890885809e-06,5.518376075904542e-06,0.6514285714285715,798,6.726377785443124e-05,0.4471937235968618,3
johnbenhart,0.15442278860569714,0.07796101949025487,0.07646176911544228,0.364845510205791,0.00040532168794213413,0.0016189663768927877,0.00039262335899614806,0.005471875928499349,0.005769774448002808,0.7184325108853411,990,0.07019946834681387,0.4194804620082312,8
tony_boyu_guo,0.10044977511244378,0.04947526236881559,0.050974512743628186,0.3373313343328336,0.00021279521803301403,0.0013115074818513038,0.00027830090913623487,0.0006135666771931375,0.0006051970460230795,0.7433155080213903,417,0.007610660768286063,0.3635043913769326,0
samandavivahdontdiesummer2k19,0.07796101949025487,0.038980509745127435,0.038980509745127435,0.39129626319254995,0.005444260662920985,0.0011455895371146813,0.0061746601282323035,0.001394525885942587,0.0013545126245073727,0.43596059113300495,177,0.01689602870563892,0.17945823927765236,0
charlierobofro,0.09295352323838081,0.04047976011994003,0.05247376311844078,0.28149718244326116,0.0004272396813804405,0.001455921410283741,0.0005103426259076462,6.354463174058144e-06,2.317973863737666e-06,0.5747899159663865,342,5.149678820150348e-05,0.39500857994400457,3
kayla_maguire,0.0029985007496251873,0.0014992503748125937,0.0014992503748125937,0.2730240231055041,0.0,0.0002693359630642163,0.0,2.569175412394262e-06,2.6344483026845612e-06,0.0,0,3.326436351144377e-05,0.0,2
donnajivan,0.022488755622188904,0.010494752623688156,0.01199400299850075,0.3070397100462463,0.0005873468036015188,0.0011724966733228344,0.0005826992815231964,5.425838069187976e-06,5.142629299437658e-06,0.7857142857142857,22,6.725921802303654e-05,0.24516129032258063,10
jingliu8796,0.05997001499250375,0.03298350824587706,0.026986506746626684,0.2896112919150181,2.3264274121313477e-05,0.0009333657000518026,3.0512473594617135e-05,0.0002257168140222881,0.000286517571676981,0.7965367965367965,184,0.003377125299794952,0.41581564095673207,0
becca.macc,0.11244377811094453,0.05697151424287856,0.05547226386806597,0.3115808507959761,0.0009411556161655008,0.001607404474373122,0.0009788068790454894,1.8119981335130057e-05,1.8626856704470464e-05,0.6486486486486487,456,0.00024776837789223263,0.3533418327249865,2
haydnswann,0.05247376311844078,0.025487256371814093,0.026986506746626684,0.3168721316197796,0.002466390763906258,0.0012334005578658169,0.00251428404345288,8.028456535188695e-06,7.899341037938316e-06,0.5578947368421052,106,9.833330033116945e-05,0.2904095904095904,3
kianaclark,0.008995502248875561,0.004497751124437781,0.004497751124437781,0.25303117522989765,0.00014150941401693126,0.0006688255816073946,0.00013726528085840359,5.269465478724765e-07,5.507940051575212e-07,0.3333333333333333,1,7.303826931178884e-06,0.01818181818181818,2
ohmalord,0.022488755622188904,0.010494752623688156,0.01199400299850075,0.33117315581560136,0.0007600950840814001,0.0006333707979435984,0.000985766514989095,0.00031759004354770215,0.0003091493519586646,0.32142857142857145,9,0.003935222453292389,0.060348491287717805,8
dcamer98,0.019490254872563718,0.010494752623688156,0.008995502248875561,0.27474693448395704,0.0001030280474979078,0.0005385410976505875,0.00015915939847554076,2.118635612902174e-06,2.3014428143724944e-06,0.6071428571428571,17,2.7921896487093124e-05,0.29466357308584684,3
tiney,0.1424287856071964,0.07196401799100449,0.0704647676161919,0.34609086553702484,0.0018654074586956471,0.0019446376065489367,0.0017230435381687932,5.064894837913834e-05,5.0298460940555485e-05,0.5886524822695035,664,0.0006637854049358934,0.35035156791822714,2
christina__shin,0.12293853073463268,0.06296851574212893,0.05997001499250375,0.3426408516623115,0.00042608237195051964,0.001596495197833072,0.0004499448143330392,0.0008471441174557843,0.0008600030731529862,0.6301218161683277,569,0.010792664768578977,0.3006853795182436,0
alastairseed,0.035982008995502246,0.017991004497751123,0.017991004497751123,0.24756386022303484,1.288572886136807e-05,0.0007756166308697977,1.638335075481801e-05,8.777020644808127e-07,9.04959146102386e-07,0.7435897435897436,58,1.0970354940733675e-05,0.41304347826086957,3
olivia_koscik,0.0239880059970015,0.010494752623688156,0.013493253373313342,0.2515691306888928,1.6263035372675597e-06,0.0005304842202232786,1.5232440686380382e-06,2.1777636238960033e-06,1.3362297289964308e-06,0.9444444444444444,34,1.8699211807593506e-05,0.34404821697639376,2
nehahahahahahahahah,0.05847076461769115,0.029985007496251874,0.02848575712143928,0.3320149787841209,0.000165670318331236,0.0009599239165695805,0.00020789046036112006,2.4729812159627734e-05,2.447196182642581e-05,0.7052631578947368,134,0.0003331963711131498,0.35647844884056074,2
lizkrogs,0.07346326836581708,0.037481259370314844,0.035982008995502246,0.3413870691418535,0.0005452421096450996,0.0010369292721389707,0.000669230209875596,0.0011001868532624721,0.0011621033099146253,0.33,99,0.013852651852975004,0.13817637829751522,1
thedistantheadware,0.02848575712143928,0.013493253373313342,0.014992503748125937,0.2659093905815822,0.001568211671555635,0.001240696468469053,0.0015805002658012374,1.346188904677415e-05,1.2479521015495191e-05,0.7727272727272727,51,0.0001689872291619707,0.44694533762057875,6
loubrody1,0.2143928035982009,0.10644677661169415,0.10794602698650674,0.35168199422098323,0.0025847387714393022,0.002698799163944149,0.0022396174540930437,5.757049886766935e-05,5.718158947588994e-05,0.5283228433913365,1427,0.000745555823628242,0.3358834127470437,2
gaby__reiter,0.13043478260869565,0.06896551724137931,0.06146926536731634,0.32330369468730985,0.0003174099284043212,0.0018168399493657646,0.00031647004953068653,2.828039449818419e-05,3.375862212978132e-05,0.6463768115942029,669,0.0004454713292959668,0.38515193370165746,2
audrey_korn,0.06596701649175413,0.03298350824587706,0.03298350824587706,0.33388213868525857,0.0007845300000115154,0.000990728886927019,0.0008889991249375975,0.0010801889129829357,0.0010847760225512113,0.2857142857142857,66,0.013358735678256002,0.1370240480961924,1
priyanka.lakhiani,0.12443778110944527,0.06296851574212893,0.06146926536731634,0.29725692456457253,0.0003363985643106247,0.0016903180771268372,0.00038768600885284076,2.3164491122913066e-05,2.3845407903310046e-05,0.5493612078977933,473,0.0003147084955021887,0.3489636660486482,2
jronk9,0.1664167916041979,0.08395802098950525,0.08245877061469264,0.3598200899550225,0.0004538533328332429,0.0017437611311804187,0.0004795100327395257,0.0059291854326655406,0.005969815118982369,0.7142857142857143,1100,0.0736484075085304,0.4205035049721698,8
gunder.pressure,0.029985007496251874,0.013493253373313342,0.01649175412293853,0.2767260437577821,7.776506000310231e-06,0.0005373671199737608,1.5465006682212714e-05,4.763481896709443e-06,3.6943667422463015e-06,0.7818181818181819,43,4.498776253124153e-05,0.3217243576130813,2
kyleenbean,0.14992503748125938,0.07496251874062969,0.07496251874062969,0.2824712211368364,0.0005823019629922044,0.0026269899231607116,0.0005197702138807594,5.7618692454880544e-06,5.50206813549555e-06,0.6506122448979592,797,7.340679956512034e-05,0.4517952030061944,3
the_mewhoiswe,0.14842578710644677,0.07796101949025487,0.0704647676161919,0.3819143060048923,0.006150712359089436,0.002278142644013982,0.006057374107090931,0.000997662698443352,0.0010682402017669348,0.4143686502177068,571,0.013283711600266515,0.1997003546435548,0
pscotty97,0.15442278860569714,0.08395802098950525,0.0704647676161919,0.32378456284995827,0.015478019957591446,0.0028625726464232,0.01599430067505682,9.903012000750232e-06,1.2329799904017516e-05,0.600250626566416,958,0.0001543734518295576,0.41766717199101483,3
talha_koch,0.2578710644677661,0.12893553223388304,0.12893553223388304,0.3855215249518098,0.0008399115503994679,0.0025433894168935575,0.0007772146037768773,0.009143573588102064,0.00926525993431736,0.6621224271585138,2477,0.11420691202794113,0.42245510014133547,8
doublegma,0.020989505247376312,0.010494752623688156,0.010494752623688156,0.3070397100462463,0.0005849080830218687,0.0011565769437333986,0.0005802605609435463,5.324672698784248e-06,5.144059250744679e-06,0.9047619047619048,19,6.725921802303654e-05,0.2568306010928962,10
basicbitchbooksandbevs,0.041979010494752625,0.0239880059970015,0.017991004497751123,0.344448029149982,6.319478283321911e-05,0.0007795247573534282,6.030397653730587e-05,0.0003953461889644852,0.0005199790841513048,0.8833333333333333,106,0.006323569856245241,0.3260771992818671,1
kyleethmpsn,0.12743628185907047,0.06446776611694152,0.06296851574212893,0.2807710504163224,0.0002477658037187616,0.002067047795820862,0.00021038819469759322,5.278414623720662e-06,5.104414040845149e-06,0.6760204081632653,795,6.594056420108864e-05,0.4652430307362402,3
maddiewooood,0.03298350824587706,0.01649175412293853,0.01649175412293853,0.23117644717464275,0.00011522055075515762,0.0015801272766193743,0.00014231063769905715,2.0387332464954175e-06,2.1268032215790985e-06,0.8181818181818182,45,2.6869629895596985e-05,0.5934959349593496,6
atucker64,0.014992503748125937,0.0074962518740629685,0.0074962518740629685,0.3182619216707436,5.73988065200168e-06,0.0004522376298482794,6.1391283280319514e-06,0.0003330622062388455,0.0003277785851458042,0.8,8,0.0041348681535413045,0.1643835616438356,8
canosynapse,0.2128935532233883,0.10044977511244378,0.11244377811094453,0.38102302407722627,0.030619019789311818,0.0025854477018520676,0.031038550861516512,0.0001985000011600937,0.00019105519058004698,0.49405405405405406,1371,0.0024592280742578424,0.307837835425981,2
samuel_gerren,0.025487256371814093,0.014992503748125937,0.010494752623688156,0.30545999217416553,1.2183295541616381e-06,0.0012571706032053552,1.4471528714407275e-06,5.163632186906027e-06,5.743184199628373e-06,0.9111111111111111,41,6.792512404609399e-05,0.42496493688639553,10
mo_ackerman,0.2368815592203898,0.12143928035982009,0.11544227886056971,0.3247506033159452,0.00662478043783572,0.0035404264242015863,0.007032364562520239,2.936137307431207e-05,2.9503870973465447e-05,0.3407917383820998,1188,0.0003855773398862965,0.23305454380082602,2
itme.maya,0.019490254872563718,0.008995502248875561,0.010494752623688156,0.30834441136372326,4.4256536387355496e-05,0.0009035289995331672,6.060928474721573e-05,6.935885774837708e-06,6.90495896820731e-06,0.7619047619047619,16,8.576166097591449e-05,0.16155419222903886,10
zahralalee,0.095952023988006,0.047976011994003,0.047976011994003,0.33646237159627296,0.00041060010781294006,0.0012546923938598234,0.00044535308043151686,0.0006568657084767618,0.0006432472237852902,0.6439393939393939,340,0.007984816345462246,0.29564655481894553,0
raquellion,0.029985007496251874,0.014992503748125937,0.014992503748125937,0.29658195425448036,0.0012277745902452748,0.0006502930820714703,0.0013741151663752636,5.692685710636437e-06,5.285703523376737e-06,0.37777777777777777,17,7.42031906907446e-05,0.21001727115716753,2
c.jjackson,0.14992503748125938,0.07196401799100449,0.07796101949025487,0.34756437640679394,0.00021837672066102307,0.001522597991226333,0.00024266489896017073,0.0055022590165675015,0.0050702767702321665,0.7549019607843137,1001,0.06240377797446324,0.44137964926075174,8
allicaravella,0.05997001499250375,0.029985007496251874,0.029985007496251874,0.3179520269076757,6.105626690135058e-05,0.000849889632018806,6.825473768114277e-05,0.0023440464552611684,0.002328294981942656,0.8263157894736842,157,0.02906160263119766,0.47007856341189674,8
conradmitchell465,0.28785607196401797,0.14842578710644677,0.1394302848575712,0.3889657315475675,0.0014717858107657596,0.0029250829595492264,0.0012919192215214445,0.00967666055887559,0.010081390032470824,0.5784158415841584,2921,0.12384169313819711,0.38331862886224544,8
marine_anemone,0.13793103448275862,0.06896551724137931,0.06896551724137931,0.3207629976760146,0.0004062503281314536,0.0018033234239009594,0.00039638214729062227,2.9029398735289855e-05,2.9094105918532344e-05,0.6376811594202898,660,0.0003881334499790716,0.3730612513144059,2
msaporito1,0.22938530734632684,0.11544227886056971,0.11394302848575712,0.3864340019339443,0.0031369078055633495,0.0024569789846867547,0.002884325802625888,0.007174852940569361,0.007265480623463035,0.5290498974709501,1548,0.0897848001502051,0.31795974440700786,8
santiago_orozco_,0.07796101949025487,0.04047976011994003,0.037481259370314844,0.35111476519804613,0.0008205410393760616,0.0011495069874591065,0.0008653684418180559,0.001207541282939173,0.001310509583606948,0.4301994301994302,151,0.016048077188770323,0.15294661733615222,1
meghan.doyle,0.08095952023988005,0.04047976011994003,0.04047976011994003,0.31579954703499313,0.0001998056872573416,0.0011861024725023674,0.00023143576655968196,0.00048186527725890355,0.0004771864538001079,0.6695156695156695,235,0.005948935724603095,0.269481302774427,1
kaylee.smith.16,0.06896551724137931,0.034482758620689655,0.034482758620689655,0.2487898907689013,4.971620947530404e-05,0.0011922705318451051,4.1513295572397274e-05,1.7318597552969464e-06,1.945795394515158e-06,0.7333333333333333,220,2.271898280068256e-05,0.4694932174525809,3
schooz,0.0944527736131934,0.05247376311844078,0.041979010494752625,0.2813758997278612,0.0014059025315371235,0.0018464769218781091,0.0014829014278557597,4.206070283591383e-06,6.339341393379426e-06,0.6386913229018493,449,8.04939210906028e-05,0.44660708876098154,3
vyuziuk,0.0914542728635682,0.04497751124437781,0.046476761619190406,0.32604766014396697,0.0008512544103535653,0.0012306660799657919,0.0009185072322353968,0.0017135043000997298,0.001613175495683824,0.3731060606060606,197,0.020216207526947905,0.1573274972127018,1
madisonmercer12,0.12143928035982009,0.05397301349325337,0.06746626686656672,0.2800486549178241,0.0002676661737002932,0.001792440624750259,0.00025168237910920614,5.305143364637346e-06,4.649518708245753e-06,0.6737373737373737,667,5.9356657788115764e-05,0.4662053139230521,3
bchan_4,0.08545727136431784,0.046476761619190406,0.038980509745127435,0.3578484730237621,0.0038124073741158046,0.001303229622404664,0.004166642644033956,0.001003798283648448,0.001119688614674442,0.4344086021505376,202,0.013781294943317443,0.15350851862546924,1
matty_noomz,0.26836581709145424,0.136431784107946,0.13193403298350825,0.39059417659591256,0.003179485888633506,0.0028305332860566355,0.0032421887452248207,0.008189653159237281,0.00841674799670495,0.5218559218559219,2137,0.10336157884047416,0.3276444905146104,8
myacarrizosa,0.0029985007496251873,0.0014992503748125937,0.0014992503748125937,0.2223607297474858,0.0,0.0004756677295024276,0.0,1.641267929045822e-08,1.784247630768105e-09,0.0,0,2.156333030618333e-07,0.0,2
maggiedunlea,0.038980509745127435,0.019490254872563718,0.019490254872563718,0.27394021110250244,0.00020202183316698672,0.0007999685200422738,0.0003203087122389612,3.0618537369524714e-06,3.102435054471864e-06,0.6153846153846154,48,4.144160562950293e-05,0.22408500590318772,2
devilswhonap,0.0239880059970015,0.0074962518740629685,0.01649175412293853,0.2879512624640061,0.00021675892653255362,0.00041994958783679083,0.00031664308697499255,0.00028671050776248426,6.606777761464758e-05,0.2,11,0.0008379849378435774,0.09225092250922509,1
mccabe3921,0.022488755622188904,0.01199400299850075,0.010494752623688156,0.24662895138533453,6.364175334450906e-06,0.0005886487049134247,6.274638333569703e-06,6.33002327005159e-07,6.845680944603704e-07,0.6785714285714286,19,8.304443886784265e-06,0.32511978097193706,3
schweitz400,0.043478260869565216,0.022488755622188904,0.020989505247376312,0.306895424468217,0.00037803277370899237,0.0007771731381628076,0.000513272186084813,0.00048221456705972336,0.0004960841974649184,0.3142857142857143,33,0.006216374391569702,0.1140524492825334,1
erinanncullen,0.09895052473763118,0.04947526236881559,0.04947526236881559,0.3399653634921217,0.002880622769344471,0.0014641009043084565,0.0027890285528513873,3.0239070113131937e-05,2.7694982045732836e-05,0.4235294117647059,252,0.0003850180732027067,0.2765939220011565,2
bradenhoagland,0.1829085457271364,0.09295352323838081,0.08995502248875561,0.35589834510537643,0.0002763509688120531,0.001886690526719085,0.00031340770904584854,0.006340303810789239,0.0066417233772975565,0.7366472765732417,1393,0.08181317449029858,0.4316600086634259,8
greshalikekesha,0.15142428785607195,0.07646176911544228,0.07496251874062969,0.3190393078985666,0.0006330046798777748,0.002006420399552323,0.0006712066641045668,2.819890387073295e-05,2.835962106931778e-05,0.6063348416289592,804,0.00038063344062752217,0.3661362709098327,2
landonnnnb,0.095952023988006,0.047976011994003,0.047976011994003,0.3401424287856072,0.000492058065242968,0.0013251521664847338,0.00045294258339126614,3.4396901165761304e-05,3.466713060898933e-05,0.6955645161290323,345,0.0004467547741459327,0.38767044912749116,2
nikitapsuri,0.050974512743628186,0.025487256371814093,0.025487256371814093,0.30361388343485163,0.00020011063299124545,0.000806268014295353,0.0002377070059963861,0.0005245753458313939,0.000556782913940113,0.37254901960784315,57,0.006526108851809795,0.14042908888269712,1
therealbigmads,0.022488755622188904,0.01199400299850075,0.010494752623688156,0.2866872095120131,0.009086112921084091,0.0020436002178686667,0.009392283149930819,1.2623092234223434e-07,1.168010506085848e-06,0.07142857142857142,2,1.5085687486043377e-05,0.01583949313621964,2
rthaii,0.07646176911544228,0.037481259370314844,0.038980509745127435,0.34318101065074397,0.0010253076040763953,0.0010987024756747737,0.0010898426886188442,0.001250593682917742,0.001244124751381907,0.24615384615384617,80,0.015414249805083205,0.11693873750853453,0
uniprod,0.1394302848575712,0.06746626686656672,0.07196401799100449,0.3413870691418535,0.002067080122943657,0.001860030086983482,0.002087031060771002,0.000507235837213754,0.00044506935049873174,0.5718085106382979,645,0.005649549435104469,0.31335463087966,0
julzsaltz,0.11094452773613193,0.05247376311844078,0.05847076461769115,0.3130745269742885,0.00016774616433508756,0.001427839325029738,0.00018128479678682037,2.370647664780142e-05,2.1611065336718244e-05,0.6963562753036437,516,0.00028795597047444067,0.39306885544915643,2
amelia_murray,0.05697151424287856,0.03298350824587706,0.0239880059970015,0.291160705870872,0.0004689725764409143,0.0011116173723003057,0.0004547963389718794,6.769513026211518e-06,8.308623834555752e-06,0.5584415584415584,129,0.00011375612947611367,0.3103731711326648,2
my_palmal,0.16941529235382308,0.08545727136431784,0.08395802098950525,0.3794732500106716,0.0010496230399949873,0.001784339399403067,0.0010573211361376658,0.005796293119611655,0.0060386719859524835,0.6231094978826376,1030,0.07444704022673299,0.3703172989019342,8
benicetoclaire,0.095952023988006,0.047976011994003,0.047976011994003,0.36302026863166525,0.009629740481872604,0.0013245719104492697,0.009715227779284723,0.00015940572551052259,0.00015653793795128052,0.6673387096774194,331,0.0019988953062722316,0.3473258777872184,2
lyssotto,0.02848575712143928,0.014992503748125937,0.013493253373313342,0.31039613273211303,0.0003953254081446695,0.000591832560255435,0.000501427994804178,1.443898993139989e-05,1.3978400131842257e-05,0.5777777777777777,26,0.000192069653401768,0.35394509027949544,2
boston.bird.pics,0.022488755622188904,0.014992503748125937,0.0074962518740629685,0.31172957673907675,3.43989913024297e-06,0.000510681036791231,1.942484928634628e-06,0.0005891996239079583,0.0011617976703573677,0.9333333333333333,42,0.014685358627377547,0.4659666229139321,8
mafeg95,0.1889055472263868,0.095952023988006,0.09295352323838081,0.3206055293413676,0.006448545513294152,0.0026911667199458634,0.006528474845726586,2.949670990941094e-05,3.1359722928071995e-05,0.5193452380952381,1047,0.00041326833342364536,0.31703147825981537,2
carolinemariline,0.046476761619190406,0.022488755622188904,0.0239880059970015,0.28986838138853344,0.00011448826702429038,0.0008056208795018414,0.0001426490436355111,5.080955738038836e-06,5.145805557623432e-06,0.5367647058823529,73,6.755426742311124e-05,0.2461522353680243,2
lmcclllnd,0.12893553223388304,0.07646176911544228,0.05247376311844078,0.2823490978246285,0.0006324020441950941,0.002483065972376992,0.0006209200651872018,6.417521561998608e-06,7.604391674558349e-06,0.6116138763197587,811,9.55421904640447e-05,0.4232118469324907,3
zapeterson16,0.017991004497751123,0.008995502248875561,0.008995502248875561,0.3132246826227174,3.8653540211225766e-05,0.0005276357742752487,7.7688620084531e-05,7.536431396811277e-05,8.488461499164589e-05,0.6666666666666666,10,0.0009444172455459291,0.1034047919293821,0
itsthejukeofyork,0.4197901049475262,0.2083958020989505,0.21139430284857572,0.4802010759326219,0.20787540119031775,0.005289625746930044,0.1964132956033478,0.008772748626543585,0.008676615156597494,0.25227963525835867,2490,0.10702625566508522,0.16206179701744206,8
nlat98,0.15892053973013492,0.07496251874062969,0.08395802098950525,0.3513036381217675,0.07561601302041776,0.0024749971161059175,0.0714492435972845,0.0001281094793862479,0.00012805456275844795,0.5776942355889725,922,0.0015863462046169902,0.381271608061388,3
tentpo.apo,0.0944527736131934,0.035982008995502246,0.05847076461769115,0.3151898953997904,0.00012268112087860397,0.0010395835712104803,0.00014607386100267783,0.0005288380038052706,0.0003550286358615325,0.7115384615384616,555,0.004548707082732706,0.38167952824694235,0
kadehieber,0.020989505247376312,0.010494752623688156,0.010494752623688156,0.27428536886533633,0.008244751776859375,0.002261256161219513,0.008885194931872224,1.8177159755538787e-06,1.785322523461695e-06,0.3333333333333333,7,2.232346714210139e-05,0.07086614173228346,9
yoshikours,0.035982008995502246,0.01649175412293853,0.019490254872563718,0.2773135725131065,7.282135103141074e-05,0.0006844931502106149,0.00011445536585942468,9.512038497714825e-07,2.4206954014030828e-06,0.6405228758169934,98,5.1140811853665446e-05,0.42937165124208476,3
winstonyau99,0.3193403298350824,0.16041979010494753,0.15892053973013492,0.40437985341694477,0.016803284299137078,0.0033999025334747524,0.01796358323409014,0.00914595837291282,0.009299825081540914,0.4336095926644331,2459,0.11455840487617903,0.28293151715204945,8
mitchell.negus,0.08395802098950525,0.041979010494752625,0.041979010494752625,0.32394517027200687,0.00011943068072265271,0.0010226662927839086,0.00012597677993063193,0.0029855982224180036,0.002961887558904789,0.7751322751322751,293,0.03698473161767211,0.4349270064272573,8
lilalamora,0.17841079460269865,0.08995502248875561,0.08845577211394302,0.3486777700311616,0.0032681543220556544,0.002330589560472054,0.003000853863374693,4.297110622110221e-05,4.3730969985323985e-05,0.47978142076502733,878,0.000565830544113229,0.2993998908892526,2
val.tsao,0.1199400299850075,0.05847076461769115,0.06146926536731634,0.3375056657717653,0.0007059035476360557,0.0015173478937641446,0.0007869776666446951,0.0009512810648740127,0.0009252592117592318,0.6024390243902439,494,0.011369678056700062,0.2714434751054597,0
vanessadnk,0.22338830584707645,0.11094452773613193,0.11244377811094453,0.3303355909298765,0.0009873151493252086,0.002766495486445553,0.0009823832878633621,4.66041217776537e-05,4.676060441133129e-05,0.5459459459459459,1515,0.000617114266167341,0.34711353769844,2
carlins101,0.21889055472263869,0.10644677661169415,0.11244377811094453,0.38438697072887923,0.001033393768758304,0.0021595305088579885,0.0009721224920571219,0.00813605512813266,0.007811325687685206,0.6652252252252252,1846,0.09631386620756423,0.4081719835655681,8
bluntpencils,0.15442278860569714,0.07196401799100449,0.08245877061469264,0.36403203080733876,0.003808944529356211,0.0017732011434912528,0.004132632963900209,0.0010542378760655087,0.0011728709754477683,0.3880771478667446,664,0.014397710960849892,0.1865912477314295,0
_lauren_holland_,0.12443778110944527,0.05997001499250375,0.06446776611694152,0.31292451522202486,0.00014334731398841705,0.0015716485490238996,0.00014778463548649077,2.7903878899417756e-05,2.626845488425102e-05,0.6744186046511628,609,0.0003457526386513048,0.39183353485961814,2
hongyi_zhang_,0.17991004497751123,0.08845577211394302,0.0914542728635682,0.35416131413685786,0.0028048052720973794,0.0021676322394211505,0.002772019792318095,0.001746930403777568,0.0016630295217883338,0.4108937070333157,777,0.02076750931068206,0.1877433489827856,0
kogabeatz,0.06446776611694152,0.031484257871064465,0.03298350824587706,0.3115808507959761,3.144493959046866e-06,0.0007804579379376145,3.5306268640441386e-06,0.002819559024459205,0.002683841685221709,0.9307359307359307,215,0.033608169061654675,0.5518334413947122,8
hedgehoghannah,0.029985007496251874,0.014992503748125937,0.014992503748125937,0.3229839086391522,0.00014719830560407993,0.0006026040098493588,0.000160690449256976,0.0003619957715126198,0.00037139875728425586,0.37777777777777777,17,0.004474665345451636,0.10415597742432016,0
wiebemakingithappen,0.02848575712143928,0.013493253373313342,0.014992503748125937,0.25671126700800545,0.0002640991391076863,0.0007251082701204399,0.000503822492769813,1.561501501432728e-06,1.62143116470618e-06,0.4222222222222222,19,2.160478250648321e-05,0.13467561521252797,2
sajkader,0.191904047976012,0.095952023988006,0.095952023988006,0.3816910948383202,0.0019886313550798746,0.0019875313171449755,0.0019325653143386773,0.006924400142553257,0.006967077581157983,0.6681547619047619,1347,0.08576528971442499,0.41657659234623545,8
jessicadilustro,0.15592203898050974,0.07646176911544228,0.07946026986506746,0.40016756327718495,0.009109703739151253,0.0019758728623829012,0.00817748171217887,0.0036248926365311015,0.003344299069982316,0.3556953179594689,509,0.04145728142073311,0.1944934152765584,8
reallyfatbeagles,0.11244377811094453,0.05697151424287856,0.05547226386806597,0.3148859514312275,0.0006813994276872226,0.0016097654304009273,0.0006687147004188125,1.967664779101349e-05,1.951886372118494e-05,0.553306342780027,410,0.0002563733888810473,0.3127754747587292,2
destroyer_of_watermelons,0.10644677661169415,0.050974512743628186,0.05547226386806597,0.35804466187958656,0.001389749645220982,0.001426521748096157,0.0015362259005860703,0.0010962920870383895,0.0010810053649735465,0.3978978978978979,265,0.013028918259032246,0.1601615074024226,1
johnrundai,0.0914542728635682,0.04497751124437781,0.046476761619190406,0.33542550758519046,0.0006523283115904705,0.001278174587798855,0.0008247273776975299,0.0005217845284214572,0.00049367523834154,0.632258064516129,294,0.006417403948123242,0.2930380305303097,0
s.jaspal14,0.01199400299850075,0.005997001499250375,0.005997001499250375,0.29985007496251875,0.0,0.0004703669285925524,0.0,6.314877017124363e-05,6.213091167247441e-05,1.0,6,0.000786353093070122,0.09859154929577464,0
elizabethshulman,0.12893553223388304,0.06446776611694152,0.06446776611694152,0.3712754197091335,0.00142534876250723,0.0017376517126889226,0.0015177832706270273,0.001183507505452415,0.0011812301879537716,0.4686868686868687,464,0.014581319357178064,0.19290850836596654,1
__mlilli,0.10044977511244378,0.050974512743628186,0.04947526236881559,0.27992861691743065,9.712200483859479e-05,0.0017985977098407629,6.31371219577986e-05,4.4889570612460475e-06,4.495557076682827e-06,0.7957957957957958,530,5.874408109135841e-05,0.5401263332297815,3
vicmicalizzi,0.13193403298350825,0.06446776611694152,0.06746626686656672,0.2964473278567253,0.0037520014937944537,0.0020674840800457865,0.003640515597194429,1.4132356315769e-05,1.3541266498277679e-05,0.37373737373737376,370,0.00017692056718760323,0.2182235606309073,2
windaidinstitute,0.029985007496251874,0.01649175412293853,0.013493253373313342,0.28643572950366925,0.001999312314781613,0.0014468776647492108,0.0025040386005314363,1.665723200373012e-06,1.4439590491782044e-05,0.6923076923076923,54,0.0001904463909896575,0.39509536784741145,6
aurorarosss,0.07346326836581708,0.037481259370314844,0.035982008995502246,0.34812018297887304,0.000353293833055882,0.0010352458763943783,0.00041472642990482704,0.0013837094631364076,0.0012835327567053015,0.4630541871921182,188,0.015866029779761252,0.1817951446961634,1
stephaniecrater,0.24287856071964017,0.1199400299850075,0.12293853073463268,0.3878108451712386,0.0055341919196959105,0.0027555100944398393,0.0059974086870983176,0.005493813566818296,0.005286042026601518,0.33763625932300634,1177,0.06459598578663396,0.19533719469727184,1
rhondusmithwick,0.06146926536731634,0.041979010494752625,0.019490254872563718,0.3153420875269753,7.129876763229507e-05,0.0012111603017893042,5.995893726203383e-05,0.00013466533881804587,0.0002462441045080108,0.6587301587301587,249,0.0032988410412437045,0.35934393638170975,0
celina_zhou,0.13343328335832083,0.06746626686656672,0.06596701649175413,0.34701034180040696,0.0013475153484588782,0.0015846270765799014,0.0014290751147339735,0.0035298208068208913,0.0035495896028296795,0.4131313131313131,409,0.043778123049481296,0.2352641444195738,8
garrett_post,0.14992503748125938,0.07646176911544228,0.07346326836581708,0.3634242978677606,0.000554403647978725,0.001654518975973293,0.0005377788612930157,0.004980630297434989,0.005105874295750808,0.6108597285067874,810,0.06206172543769229,0.3515454575964023,8
silliestgooseofthemall,0.07646176911544228,0.037481259370314844,0.038980509745127435,0.2781403165538185,0.00043127433774902275,0.0013478244975218192,0.0003643098201617077,3.4741190515438465e-06,3.5583185460064095e-06,0.6892307692307692,224,4.4405503052724686e-05,0.44530417717970283,3
emmvlea,0.010494752623688156,0.005997001499250375,0.004497751124437781,0.2359369448223865,0.0,0.000548675695178579,0.0,1.8724459440219447e-07,2.3536860757640534e-07,1.0,6,3.2228513105594092e-06,0.17777777777777778,2
liampulsifer,0.1619190404797601,0.07796101949025487,0.08395802098950525,0.38416086074609757,0.004100511941790192,0.002041458201000528,0.0038989258874394107,0.0032737737408957465,0.0029329363312727134,0.29545454545454547,455,0.036220721912898185,0.1525795828759605,1
mcdonoughh,0.06446776611694152,0.031484257871064465,0.03298350824587706,0.24812821552749464,5.9944793671549096e-05,0.0010370617675941089,8.99306683147423e-05,1.5206079323496652e-06,1.6153684835242405e-06,0.6996047430830039,177,1.7658841985158718e-05,0.43880813953488373,3
cookingwithklaassen,0.0029985007496251873,0.0014992503748125937,0.0014992503748125937,0.24295887770400512,0.0,0.0002764536788853585,0.0,1.5954073703416966e-07,1.6355242997094132e-07,0.0,0,2.0286556686357874e-06,0.0,3
rachiepalmer,0.14692653673163417,0.07496251874062969,0.07196401799100449,0.2818616587260966,0.0006709956401831791,0.002559302042823246,0.0005614798497023198,5.5172039483147666e-06,5.615304349217764e-06,0.6342857142857142,777,7.263474091767779e-05,0.4440855051585396,3
jo.zhx,0.019490254872563718,0.008995502248875561,0.010494752623688156,0.299026311020314,1.3814170581271998e-05,0.0004264947466266597,1.4994925089747082e-05,0.0005981908281242364,0.00045818716959367014,0.6666666666666666,14,0.005728823527102128,0.2709705753184014,8
martin_cala,0.06896551724137931,0.037481259370314844,0.031484257871064465,0.35902884181878275,0.0243165855373013,0.0018305163503281809,0.022585122144045837,0.0007863518440066509,0.0008982707893350281,0.23076923076923078,81,0.010718540233823907,0.08580415020520886,6
terminatorpulak,0.12143928035982009,0.05697151424287856,0.06446776611694152,0.34609086553702484,0.0034363589999497905,0.0015215903618844076,0.003900810770041533,0.001262042580788227,0.0010914486023134934,0.39361702127659576,444,0.01367375790189516,0.18988236806582245,0
apoutfitarchive,0.004497751124437781,0.004497751124437781,0.0,0.24118334794311239,0.0,0.0005490046550187753,0.0,-0.0,2.9419257977574554e-07,0.3333333333333333,1,3.6904583777601004e-06,0.2631578947368421,10
nickynickynickyt,0.16941529235382308,0.08545727136431784,0.08395802098950525,0.36423506038391845,0.022902495424658165,0.002440256142272219,0.02306195122137997,6.762132522913285e-05,6.977237830562669e-05,0.4705513784461153,751,0.0009303625213360683,0.29323511200723956,2
megan__mauro,0.2383808095952024,0.11544227886056971,0.12293853073463268,0.3920008783123444,0.0016745856083456828,0.0023214503743126482,0.0019679448894030353,0.008540488618341233,0.00793066286199409,0.6179001721170396,2154,0.0973305865833391,0.3822493387373646,8
caitlinoliveira,0.07946026986506746,0.04047976011994003,0.038980509745127435,0.30574600340279295,0.0035286740996834575,0.0012968582945784052,0.004083200368446215,1.2171092271936749e-05,1.064233082486105e-05,0.5470085470085471,192,0.00016262082526113746,0.27427032212833474,2
dukeegr93,0.13343328335832083,0.06896551724137931,0.06446776611694152,0.34517624908475997,0.0008621438338423164,0.0015231228896983057,0.000913655874683531,0.004206546738089083,0.004145067491522236,0.46993524514338575,508,0.05101212877262073,0.29946880255774067,8
juliaharnoy,0.17241379310344826,0.08695652173913043,0.08545727136431784,0.3484917093214332,0.003070483389324791,0.0022507706706431582,0.0027055484867665428,4.393124990434799e-05,4.509299528917722e-05,0.5958862673926195,985,0.0005901777065969655,0.356782463677992,2
donde_esta_ban,0.22338830584707645,0.11394302848575712,0.10944527736131934,0.4086817667511676,0.007860966654305012,0.0023197125127092733,0.006841223181510702,0.007612981567127155,0.008227872192054108,0.6374553716325868,1964,0.10117924571060939,0.38809748920187254,8
toph.and.kublai,0.008995502248875561,0.005997001499250375,0.0029985007496251873,0.29444249921928123,0.0,0.0004722983226441899,0.0,1.768261980171123e-05,3.0953482839740426e-05,0.8333333333333334,5,0.00042949657042235965,0.32951289398280803,0
kathryn_kuethman,0.13193403298350825,0.06596701649175413,0.06596701649175413,0.29957498315062653,0.0004302103017146431,0.001786817857580373,0.0004419158428199789,1.8720658304912857e-05,1.8989375394026926e-05,0.5972515856236786,565,0.0002531845350809355,0.3288899660688318,2
itsjoyree,0.12593703148425786,0.06446776611694152,0.06146926536731634,0.349237146132816,0.0009176082649530606,0.0015698304741816064,0.0009025080106360402,0.0014976866025039844,0.0015936323394969362,0.4393939393939394,435,0.019649860811815568,0.18696719194006717,0
yanda_chen,0.05997001499250375,0.034482758620689655,0.025487256371814093,0.3111355232340952,4.9363068245947286e-05,0.0009978385348080527,5.991593609218631e-05,0.0001532623976886471,0.00020678172336682587,0.7933333333333333,238,0.002556056495461785,0.41167468299081766,0
lijiaz,0.15292353823088456,0.07196401799100449,0.08095952023988005,0.36221489920597105,0.0030921938142125733,0.001961763344639044,0.0030721204101023672,0.000734472211690606,0.0006834296587702128,0.5003367003367003,743,0.008578719774128824,0.26000251574761246,0
wa.ng,0.17541229385307347,0.08995502248875561,0.08545727136431784,0.3673079095997558,0.0010784069917827933,0.0018900027486562386,0.0010806323158778159,0.005841923395043827,0.006080288116367372,0.6056497175141243,1072,0.07464397060236978,0.3539005282241173,8
nicfries8,0.004497751124437781,0.0029985007496251873,0.0014992503748125937,0.2824712211368364,0.0,0.0003523922088438286,0.0,6.141594979420462e-06,0.00015776013474425884,1.0,1,0.0016698096561414586,0.043859649122807015,8
jaimegurumi,0.1634182908545727,0.08095952023988005,0.08245877061469264,0.3141286499607339,0.0007670229688467173,0.0021158801472399434,0.0007334287557248765,3.244287388725065e-05,3.235890213171037e-05,0.5441077441077441,808,0.0004250571713893681,0.33093368060891865,2
ana.my_beloved,0.020989505247376312,0.010494752623688156,0.010494752623688156,0.30849006295151904,1.885760020253496e-05,0.0010320136224804372,2.60920999601367e-05,6.894557441046981e-06,6.975620623592538e-06,0.8095238095238095,17,8.66321041580168e-05,0.2020460358056266,10
austingartside,0.15142428785607195,0.07496251874062969,0.07646176911544228,0.364845510205791,0.00019308805599097418,0.0015352556818991588,0.00019693112199488358,0.005829018879618392,0.005817057215633695,0.8282352941176471,1056,0.07132992109216374,0.48533989669636357,8
cathylee135,0.136431784107946,0.06896551724137931,0.06746626686656672,0.36221489920597105,0.002616610894758372,0.001799613997676685,0.003340863862923434,0.0009067758549977142,0.0009077048081891182,0.5664893617021277,639,0.011453292184202596,0.27797362579971274,0
meadeinglis,0.06296851574212893,0.035982008995502246,0.026986506746626684,0.3496110617068339,0.0002028459821942266,0.0010436788295295947,0.00019305223984731284,0.0005454065488565412,0.0007935566565505209,0.7230769230769231,235,0.009641812355655081,0.2719467696930672,1
margaretkoz.4,0.19790104947526235,0.11544227886056971,0.08245877061469264,0.3656626334089394,0.002834952690880581,0.002775112349213,0.0028588299228317266,0.0012137587064089662,0.0019136135909372405,0.38461538461538464,1155,0.02356609647996001,0.19645327272504703,0
jenson.cole,0.07796101949025487,0.04047976011994003,0.037481259370314844,0.3572611943481213,0.0008217995996405954,0.0011579066780902838,0.0008834563919870198,0.0008902121948872136,0.0010381390573166185,0.6011396011396012,211,0.012518429020089091,0.21361576562335335,1
rachels_letters,0.05697151424287856,0.029985007496251874,0.026986506746626684,0.409193899290956,0.01165432252342037,0.0011027934352185677,0.015859919002904087,0.0007317224819131363,0.0007900533360801189,0.28421052631578947,54,0.009400246271303668,0.08993190387753953,1
whos_big_danny,0.014992503748125937,0.0074962518740629685,0.0074962518740629685,0.33000175000928034,0.006193914175080021,0.0005387982396107521,0.0065337108755108425,0.00011259704974439084,0.00010294545864462305,0.2857142857142857,6,0.0013647100395904376,0.05040871934604905,6
bhoagsbarandgrill,0.08695652173913043,0.043478260869565216,0.043478260869565216,0.3375056657717653,2.5796042735452033e-05,0.000996521698362113,3.444023476190171e-05,0.0033968661179514374,0.0034173432914493935,0.8817733990147784,358,0.04205345581488784,0.4875275892225045,8
gabriella.p.h,0.022488755622188904,0.010494752623688156,0.01199400299850075,0.30849006295151904,0.0004582332953254949,0.0010462114938261998,0.0004770678133046691,6.898692204954759e-06,6.975562179571318e-06,0.6428571428571429,18,8.66321041580168e-05,0.18181818181818182,10
_spinsta_666,0.0,0.0,0.0,0.0,0.0,0.00022694046507459848,0.0,-0.0,-0.0,0.0,0,2.3476571375243024e-59,0.0,7
that1dancer,0.017991004497751123,0.008995502248875561,0.008995502248875561,0.3044631530388652,0.0001836176092328833,0.0009006059514445524,0.0001604254334622418,5.321788589896282e-06,5.048734139777964e-06,0.9047619047619048,19,6.24877385077906e-05,0.2568306010928962,10
lynnviona,0.029985007496251874,0.01649175412293853,0.013493253373313342,0.30631963567934606,3.071802328800179e-05,0.0005813037349584843,3.714243556508676e-05,0.00024808962805348986,0.00027655883903230125,0.6545454545454545,36,0.0033477871069892804,0.23415326395458846,0
pixipeachh,0.07196401799100449,0.0239880059970015,0.047976011994003,0.27234089377329684,0.00044925713627379335,0.0007891207690286056,0.00033425538169646593,2.7350136644685402e-05,7.839872593336758e-06,0.4838709677419355,240,0.00010436338072653847,0.2686503984063745,2
esther.yuu,0.07196401799100449,0.031484257871064465,0.04047976011994003,0.24860048087870798,0.00011591344847610284,0.0011580633818151379,0.00011617745890164426,2.282538026901206e-06,1.7719006825422047e-06,0.5897435897435898,207,2.0058030629395474e-05,0.38495266567015446,3
jhg1217,0.29685157421289354,0.14692653673163417,0.14992503748125938,0.3751139938359367,0.0025015038917554394,0.0029322109845932275,0.0025383146605927522,0.00949871284378915,0.009452839720381126,0.5075247524752475,2563,0.11619419589505117,0.3355914004552174,8
mamabean.takes.nyc,0.025487256371814093,0.013493253373313342,0.01199400299850075,0.3440850702151559,0.00032494164606540477,0.0005130048906361892,0.00031679715046097865,0.0002691855430562692,0.00029228537140330116,0.3055555555555556,11,0.0034618968132510736,0.13531914893617022,0
carti_v,0.15442278860569714,0.07496251874062969,0.07946026986506746,0.28283822575503065,0.0016383939482320043,0.0024802361690900217,0.0017801192856003586,5.616289749576044e-06,5.239756791557723e-06,0.5527603074772887,791,6.857920466854418e-05,0.3973480605413291,3
vidsta22,0.2638680659670165,0.13193403298350825,0.13193403298350825,0.38850295256892675,0.001247822434064156,0.0025950821259654896,0.0012444517007767844,0.009167386762404429,0.009302486206651566,0.6299795709908069,2467,0.1146508950322764,0.4043557664247319,8
michiwee,0.07946026986506746,0.04047976011994003,0.038980509745127435,0.3355978742386258,0.0004700140083107366,0.001169459899306348,0.0005566196545928999,0.0009431521839719393,0.000950001230628451,0.5105820105820106,193,0.011774690772365152,0.17339329211167323,1
just.in.casesilver,0.01649175412293853,0.0074962518740629685,0.008995502248875561,0.33838003278153667,2.367073665991333e-05,0.000404444724079502,3.469587601878614e-05,0.00017964356035428877,0.00017808725523086965,0.6,9,0.0021598807889884036,0.1363311920057102,0
claraa_now,0.07646176911544228,0.038980509745127435,0.037481259370314844,0.35282196827032186,0.014298319107707482,0.001204666708641268,0.015385943111881123,2.034200755555116e-05,2.7042501631135792e-05,0.5384615384615384,175,0.000269753557546119,0.28258675298458114,2
ester.adiv,0.13793103448275862,0.06746626686656672,0.0704647676161919,0.3181068988155703,0.00016315580906330944,0.0017447959510600154,0.0001507160480883647,3.21638757728302e-05,3.157964777453374e-05,0.7354301572617946,795,0.00042029735996050653,0.4231625604540135,2
lauraewu,0.035982008995502246,0.017991004497751123,0.017991004497751123,0.2558062919186705,0.0022509052320766752,0.0012771861349191933,0.0025586018595069983,1.2981999716394384e-06,1.3850487968129463e-06,0.36363636363636365,24,1.8102821858354637e-05,0.12255920232654757,2
srinbean_casserole,0.24287856071964017,0.1199400299850075,0.12293853073463268,0.3855215249518098,0.0012268321895606827,0.002391660949405115,0.001190885217851894,0.008549966516031886,0.008536874835127916,0.623249299719888,2225,0.10482369891912334,0.3866371496216658,8
raruller,0.06296851574212893,0.037481259370314844,0.025487256371814093,0.2781403165538185,0.00026472576109333196,0.0013712529173650783,0.00026662138109773045,3.1669981994681355e-06,3.605877835077996e-06,0.7606837606837606,267,4.623351889470509e-05,0.5078986587183308,3
davidamiron,0.25487256371814093,0.12743628185907047,0.12743628185907047,0.3721216314919463,0.0011324734786835571,0.0025337288453902993,0.0011605728121714066,0.00878297594026717,0.008899097740906805,0.6082079343365253,2223,0.1095518740731882,0.38686947741092875,8
leahisgawne,0.026986506746626684,0.013493253373313342,0.013493253373313342,0.3050319772388444,2.61291490676798e-06,0.0011971084884025388,2.3002584221974527e-06,5.3455182330512144e-06,5.665459295577953e-06,0.9444444444444444,34,6.69900389559341e-05,0.43781942078364566,10
profffffff_chou,0.047976011994003,0.022488755622188904,0.025487256371814093,0.3159523286252375,0.00010790178254090447,0.0007143023417584366,0.00014077211422057993,0.00030163908546048263,0.0002965862396496842,0.6666666666666666,114,0.0036488343422157454,0.33163146901833374,0
jackie_crater,0.041979010494752625,0.020989505247376312,0.020989505247376312,0.3413870691418535,0.0002529892124688878,0.0007310105732354883,0.0002713595704546864,0.0006536418486639248,0.0006678164316183503,0.7252747252747253,66,0.008082605577617643,0.18543307086614172,1
avivahwang,0.19640179910044978,0.09745127436281859,0.09895052473763118,0.3604158185807758,0.0024475610107969692,0.002346662180857783,0.0024781567415511586,0.001557003638954427,0.0015617186877264827,0.4540792540792541,974,0.019188426240262683,0.22586530206497674,0
daniel.mckee5,0.10794602698650674,0.05247376311844078,0.05547226386806597,0.3206055293413676,0.0004244978627332014,0.0015059858040970446,0.00043780447677252177,0.0003353610412405201,0.0003213873098451402,0.6441441441441441,429,0.004079529336496624,0.34755241369292594,0
editorialreply,0.07646176911544228,0.041979010494752625,0.034482758620689655,0.31872789812999797,0.010531457867436415,0.0014366768615398878,0.011993049934357687,1.8549613563945278e-05,6.616854688457546e-06,0.5037878787878788,266,8.220433944613471e-05,0.3235666609618347,3
alexisreape,0.05547226386806597,0.0239880059970015,0.031484257871064465,0.2748625687156422,3.272679996597992e-05,0.0007941225554537042,3.443202883359007e-05,7.023894439060816e-06,5.444001501339277e-06,0.6428571428571429,135,7.052644749130315e-05,0.2944559034939684,2
aishunag27,0.08845577211394302,0.04047976011994003,0.047976011994003,0.35206116618240746,0.0030153767132923507,0.00114380403880596,0.003208516586924522,0.0013812645750953232,0.0012851281909936863,0.2803030303030303,148,0.016024201180036664,0.13093145869947276,0
aliyoungin,0.043478260869565216,0.022488755622188904,0.020989505247376312,0.2773135725131065,2.2011351744457152e-05,0.0007752025692654963,2.5450923104130653e-05,5.366771811778137e-06,5.827747242863829e-06,0.7142857142857143,75,7.774683876995177e-05,0.3440996654746799,2
jeffreygemberling,0.10644677661169415,0.04497751124437781,0.06146926536731634,0.27897200481348394,0.00018661480663901428,0.0014081432533493744,0.00016897026426161024,4.881543303314449e-06,3.920252264917229e-06,0.7009966777408638,633,4.8024930971653425e-05,0.4813659076096617,3
makcollins,0.23238380809595202,0.1184407796101949,0.11394302848575712,0.33050276481192603,0.0023844917289326433,0.003059056192533592,0.002396751532575679,3.859296141592882e-05,3.872390716289678e-05,0.4803635183382019,1480,0.0005214190441236395,0.3070450247763276,2
estherwang1969,0.05397301349325337,0.026986506746626684,0.026986506746626684,0.32588496171076137,0.000472976044173804,0.0008071223783622178,0.0004875802665990613,0.000687911038091976,0.0006511257350494234,0.2789473684210526,53,0.008030063282703517,0.1247716154888902,0
megshieh,0.12443778110944527,0.06296851574212893,0.06146926536731634,0.39460632221653524,0.0034679448380973005,0.0014885525572612785,0.0030170821283945805,0.003775364071522367,0.0039154829076569,0.5296167247386759,456,0.04806744635605031,0.30966987422803094,8
remy.ontherocks,0.014992503748125937,0.0074962518740629685,0.0074962518740629685,0.3159523286252375,7.159735530525654e-05,0.0004240261697938275,0.00011909538148560183,0.0002180175693525167,0.00021025359732982084,0.4,4,0.0026921938446433985,0.10597302504816955,0
harrycondonjr,0.031484257871064465,0.014992503748125937,0.01649175412293853,0.223120417925646,9.039994177169035e-05,0.0014843007283657091,6.806097574324836e-05,2.0527543961983724e-06,1.1289862368798417e-06,0.8181818181818182,45,1.5889911025625923e-05,0.5934959349593496,6
lifansers,0.004497751124437781,0.0014992503748125937,0.0029985007496251873,0.23274179018829858,4.9911745534522386e-05,0.0004978346925270539,4.983923024902533e-05,1.7010648558740167e-07,6.592861890177732e-08,0.0,0,8.309790683401636e-07,0.0,10
conradical1309,0.3103448275862069,0.1634182908545727,0.14692653673163417,0.40412961835913724,0.009770881092947322,0.003580622354381752,0.009292819861566885,0.008086312552851506,0.008936314865774028,0.38447162759089365,2263,0.10988473468717193,0.247450533565213,8
mitchberger106,0.29385307346326833,0.14692653673163417,0.14692653673163417,0.3898946049363378,0.00205376580943699,0.0029560592790462015,0.0018650941793144089,0.00993613120132439,0.009859592827635958,0.5813234384662956,2820,0.12172704583485962,0.3844874720584456,8
amyemwang,0.06896551724137931,0.035982008995502246,0.03298350824587706,0.3698037730851449,0.0016203032649829978,0.0011454616630199482,0.0017872498423175814,0.001115975603831167,0.0011397843417710193,0.3333333333333333,92,0.014072381758316734,0.13828619031390812,0
barillamn,0.10644677661169415,0.05397301349325337,0.05247376311844078,0.29685157421289354,0.0005220640139599644,0.001534368263143106,0.0005546264333953838,1.16352316469945e-05,1.2366109749023764e-05,0.5079365079365079,320,0.00015902373603501026,0.27218934911242604,2
audragrimm1,0.08845577211394302,0.05247376311844078,0.035982008995502246,0.2798086817773633,0.00024983991876015933,0.0018175788341106038,0.00014908143115017604,3.5537737370275867e-06,6.170495660711843e-06,0.7057057057057057,470,7.852157002489319e-05,0.4707762195282994,3
fertig_adam,0.136431784107946,0.06896551724137931,0.06746626686656672,0.2816185697578119,0.000264047278495249,0.002313346193677925,0.00020992818896817166,5.569074580308174e-06,7.04595654142738e-06,0.6840816326530612,838,9.061884186327032e-05,0.4683529782901718,3
evelyngarciaphotos,0.13193403298350825,0.06596701649175413,0.06596701649175413,0.3406747330560072,0.0005632474199762154,0.0016354422341637595,0.0005641246985392043,0.0011682810064525086,0.0011619608675138855,0.6321353065539113,598,0.014553631240817978,0.28448189887304276,0
birpartap__,0.01199400299850075,0.005997001499250375,0.005997001499250375,0.3050319772388444,3.1611714805205778e-06,0.0004145921485059897,4.1999090720344125e-06,6.374300933546863e-05,7.165297910744762e-05,0.8333333333333334,5,0.0007963487420346041,0.11842105263157894,0
oblivia_eberhart,0.14392803598200898,0.07646176911544228,0.06746626686656672,0.2819833606512806,0.000602673918695998,0.00245094912657574,0.0004656469153183335,6.929807530530573e-06,7.403938758539813e-06,0.6198462613556953,887,9.256375703738652e-05,0.4346016794996387,3
saniiiika,0.06446776611694152,0.029985007496251874,0.034482758620689655,0.3077631777890508,0.000308715493699087,0.0008462196135353058,0.0003563313095278162,0.001112442917886701,0.0009574284823014297,0.3115942028985507,86,0.011247552577807256,0.1487747957992999,0
brittany_horner49,0.14392803598200898,0.07496251874062969,0.06896551724137931,0.2822270800641166,0.0005721177743820414,0.002409032253627527,0.00046094497046318965,5.287572956929305e-06,5.660935143439507e-06,0.6473149492017417,892,7.23605416015319e-05,0.4506692979836668,3
ariscumara,0.0074962518740629685,0.0029985007496251873,0.004497751124437781,0.2827157849646605,0.0,0.00029784928411945093,0.0,1.7389760050505332e-06,1.3839556920226802e-06,1.0,3,1.838381479855104e-05,0.38961038961038963,2
the.brook.report,0.038980509745127435,0.020989505247376312,0.017991004497751123,0.27428536886533633,7.88211046389405e-05,0.0007923566621692382,0.00010453768358589047,3.965428484851075e-06,4.576427479178483e-06,0.37362637362637363,34,6.1064827077995e-05,0.20604575163398692,2
julia.miles,0.031484257871064465,0.01649175412293853,0.014992503748125937,0.34103052912186205,0.0031586331240070252,0.0006212344919904995,0.0035877512512418426,4.5372364861745014e-06,0.00014089329427237807,0.36363636363636365,20,0.0017500371584560025,0.1942388477695539,2
alvamao,0.08845577211394302,0.037481259370314844,0.050974512743628186,0.3466419656413831,0.02957400486237743,0.0014868442434026465,0.028982627473868275,0.00012505813894508023,0.0001262476726187436,0.5169340463458111,290,0.0015405285874490863,0.29780018606884545,3
plants_eat_raes_of_sunshine,0.09895052473763118,0.038980509745127435,0.05997001499250375,0.27849614638309844,0.0005176886580216279,0.001307145658230481,0.0005669095454708023,4.572022051224239e-06,3.851126041009937e-06,0.6333333333333333,494,4.494074039373193e-05,0.44010717420427775,3
kaitluo,0.02848575712143928,0.014992503748125937,0.013493253373313342,0.3009555130268967,7.151820510043885e-05,0.0005864140706416241,9.716047742901543e-05,0.000393526310468841,0.0004218769093287375,0.3333333333333333,15,0.005117569396258288,0.12510735757228744,1
charlesreiter,0.043478260869565216,0.020989505247376312,0.022488755622188904,0.32378456284995827,0.00017013905885094506,0.0007208578098584439,0.00020709232866257795,0.0007979017789592688,0.0006440856602962983,0.49523809523809526,52,0.008134596458170832,0.1873327386262266,1
thefabucurry,0.014992503748125937,0.005997001499250375,0.008995502248875561,0.304747299705257,2.6431326922065413e-05,0.0006159385617389632,0.00010351780278220569,1.5233755670042284e-05,1.472666997740949e-05,0.4666666666666667,7,0.00018508612902942443,0.08492201039861352,2
nicolec_523,0.16041979010494753,0.07946026986506746,0.08095952023988005,0.3503613000366769,0.002424087385454501,0.0021257847108674616,0.0019511072977501348,5.658417017812403e-05,5.3860232315379115e-05,0.5779175401816912,827,0.0007235224042391023,0.3429803915136505,2
akib_35,0.272863568215892,0.14992503748125938,0.12293853073463268,0.39389231801469593,0.0015178482271840268,0.0029406042346039637,0.0013231253633806982,0.00889003916264418,0.010124135889739943,0.572929292929293,2836,0.12399734175096365,0.3650567040799188,8
forman.katie,0.272863568215892,0.1394302848575712,0.13343328335832083,0.3620141148937726,0.006989407825442013,0.0035198473632561773,0.00688328262667079,6.440182188621032e-05,6.949808295886165e-05,0.46026180458158017,1969,0.0008916248082101581,0.3031177352167192,2
wannabeanya,0.13493253373313344,0.05847076461769115,0.07646176911544228,0.31247534127673005,0.0020011899801841877,0.0017222671968718172,0.0023369915857265667,2.1141487675113227e-05,1.678261401907456e-05,0.5138047138047138,763,0.0002191387721460053,0.30301524885696723,2
lor.oh.s,0.13193403298350825,0.0704647676161919,0.06146926536731634,0.33252212997370967,0.00032096387731044387,0.0018516515935892795,0.00031876995418943883,0.0004641239872744531,0.0005122202716455651,0.6475485661424607,700,0.0065308997963448535,0.3487320434882682,0
jen_noelle,0.16941529235382308,0.08545727136431784,0.08395802098950525,0.32218720437511883,0.00405488394340937,0.0024311620652702733,0.004446266276802648,2.5330410555320263e-05,2.570887402302603e-05,0.48451198129748685,829,0.0003470298204447261,0.29684276616736927,2
mobyslack,0.05397301349325337,0.02848575712143928,0.025487256371814093,0.32442794995944646,5.39289526893611e-05,0.0008885712128697178,6.214408029573109e-05,0.0005548742725701323,0.0005928360558844284,0.695906432748538,119,0.007159864973709596,0.2612944569048382,1
sushionthemoon,0.005997001499250375,0.0029985007496251873,0.0029985007496251873,0.21682385898684123,0.0,0.00042551858710250653,0.0,3.586312730688891e-08,3.647266870971485e-08,1.0,1,4.896549016976534e-07,0.16666666666666666,2
zoey.dingman,0.06596701649175413,0.03298350824587706,0.03298350824587706,0.3524411566477959,0.000736301344530163,0.001000459380612152,0.0008341954979700634,0.0006069960239256251,0.0005970462857477213,0.5584415584415584,129,0.007508211577386327,0.20845168396035013,1
jenny.jy.shang,0.15142428785607195,0.07796101949025487,0.07346326836581708,0.3496110617068339,0.0016731937271785818,0.002113069848132124,0.0019265211544035135,0.000546199310793851,0.0006065592905656107,0.49696969696969695,738,0.007570633919050866,0.27826859634967166,0
kc.bergman,0.01199400299850075,0.005997001499250375,0.005997001499250375,0.3046051601065139,0.0,0.0006765427793257052,0.0,4.957801708488885e-06,5.028866318673738e-06,1.0,6,6.248152757599943e-05,0.18791946308724833,10
chin4dawin,0.1184407796101949,0.05697151424287856,0.06146926536731634,0.3330308328752503,2.4710157206872715e-05,0.0012155516086203362,2.6394789257678797e-05,0.004962067944063953,0.0046357935296253965,0.8646341463414634,709,0.056761458183950675,0.5128167722574192,8
dgeorge668,0.20689655172413793,0.10794602698650674,0.09895052473763118,0.380800853217706,0.0004901844325027467,0.0021498085221464546,0.0004555202812793144,0.007304653259573079,0.008031469678647417,0.7289892632358386,1969,0.09879494979980573,0.44787831687928503,8
whysample,0.24587706146926536,0.12293853073463268,0.12293853073463268,0.37532957659101485,0.001799083912516422,0.0024648830171013322,0.0017374307654198866,0.008580143288800326,0.008549512878723952,0.6253305906553042,2128,0.10586546131558414,0.37263569878444996,8
lukejacobsmyers,0.03298350824587706,0.01649175412293853,0.01649175412293853,0.30907404792634446,0.00012140676629348046,0.0014115248583481453,0.00023578623909215187,7.167881429022133e-06,7.492932458390216e-06,0.7636363636363637,42,8.966705535308122e-05,0.34557235421166305,10
gabe_shiu,0.13343328335832083,0.06446776611694152,0.06896551724137931,0.28125472147647107,0.0010397806671069228,0.002289511816527788,0.0008491505242655858,7.0801641968167605e-06,6.622345946984313e-06,0.513413506012951,555,8.462558388633614e-05,0.3581787049655799,3
katiecromer_,0.06596701649175413,0.031484257871064465,0.034482758620689655,0.3486777700311616,0.0003648427759870176,0.0009355682320175431,0.00038316708655880067,0.0009795092280415754,0.000846409808553038,0.5019762845849802,127,0.010508158297389847,0.19755676784631884,1
thaidermath,0.0014992503748125937,0.0,0.0014992503748125937,0.0,0.0,0.00022694046507459848,0.0,-6.184958611042558e-23,-0.0,0.0,0,2.3476571375243024e-59,0.0,4
brianmlin,0.18590704647676162,0.09745127436281859,0.08845577211394302,0.3731848361533519,0.004194383014269759,0.0025421570472266746,0.003856861388638417,0.0007471306376256781,0.0008244621995768041,0.4731934731934732,1015,0.010385843601995673,0.2607804943578721,0
maddieolive,0.004497751124437781,0.0014992503748125937,0.0029985007496251873,0.3010942661449358,0.0,0.0002840898573656469,0.0,2.4755052151623222e-05,1.3608266001722377e-05,1.0,1,0.00017060752173439449,0.10256410256410256,1
kelseylaurengallagher,0.13793103448275862,0.07496251874062969,0.06296851574212893,0.2822270800641166,0.00040776823537538545,0.0024180079891414153,0.0002851136853212414,5.157530018679678e-06,7.523188552921149e-06,0.6576168929110106,872,9.433575604170985e-05,0.4524609764197941,3
psychoish,0.026986506746626684,0.013493253373313342,0.013493253373313342,0.30819889724793104,2.1522422525973483e-05,0.0005885999280080211,2.4831163212039763e-05,1.5164816163311994e-05,1.3867776724339807e-05,0.75,27,0.00019496917030117038,0.2869645324735145,2
marc.chmielewski,0.11394302848575712,0.04947526236881559,0.06446776611694152,0.33050276481192603,0.0009323848889528495,0.0012601768394643292,0.0009657093935437187,0.0023161126037533073,0.0018191136511082698,0.3333333333333333,301,0.022550680294193087,0.153776310359059,1
noah.citron,0.09895052473763118,0.04947526236881559,0.04947526236881559,0.33838003278153667,3.8489920783143265e-05,0.0011121202582112556,4.611386019514316e-05,0.0038615246390702796,0.0038359487857725716,0.8939393939393939,472,0.047814065677876924,0.49704693814112527,8
nlandis919,0.2608695652173913,0.13043478260869565,0.13043478260869565,0.3868918621258091,0.0022705998043477116,0.0026980761596382768,0.0021618781178697416,0.009285383019683683,0.00928100839741796,0.6442127773322641,2410,0.11497682331052989,0.4049715457930043,8
sloth_moss_ink,0.026986506746626684,0.013493253373313342,0.013493253373313342,0.31352542643704556,0.0007184258352920709,0.0010535560628774218,0.0008741731677828238,5.316950639105225e-06,5.663379797850677e-06,0.6222222222222222,28,6.712168441629829e-05,0.16538952745849297,10
lauren_kloss,0.17241379310344826,0.08695652173913043,0.08545727136431784,0.320448215538943,0.0003756321585339283,0.002206189228083033,0.00035435821821216463,3.570400470984022e-05,3.619724372851884e-05,0.5958862673926195,985,0.00048058368650406966,0.36914111983785153,2
india.hannah,0.0944527736131934,0.047976011994003,0.046476761619190406,0.34318101065074397,0.0006048157558872952,0.0013600518808224201,0.0007227995789740475,0.0006485529542125594,0.0006826843813931793,0.5383064516129032,267,0.008229001951596364,0.21198112908843364,1
lindsey_marie123,0.08695652173913043,0.034482758620689655,0.05247376311844078,0.249074547394495,8.337956714927609e-05,0.0011587116550501794,7.90600034024892e-05,2.7405877568799166e-06,1.7792618331817982e-06,0.6231231231231231,415,2.2710846549026016e-05,0.4361346560068451,3
emmaloulao,0.07196401799100449,0.035982008995502246,0.035982008995502246,0.3111355232340952,0.00018090639443372892,0.0011006557119960085,0.00017232982767321448,1.5855622417389462e-05,1.5778026962830437e-05,0.5253623188405797,145,0.000209779027838877,0.3177497575169738,2
nathan_heff,0.12893553223388304,0.06596701649175413,0.06296851574212893,0.36586748642485484,0.0022762803767429275,0.0017709831898417125,0.0023146005016346925,0.0013741603014569058,0.0014511994825815548,0.3773784355179704,357,0.01780590558366106,0.15002385008517888,1
karenmeisong,0.08245877061469264,0.04047976011994003,0.041979010494752625,0.31352542643704556,7.022955883499084e-05,0.0011216217010887374,7.797870857644613e-05,0.00039451733474588557,0.00038216183619537694,0.8253968253968254,312,0.004816816189021441,0.42042613974526843,0
professorguo,0.1649175412293853,0.08545727136431784,0.07946026986506746,0.3723337874962177,0.000282047320728739,0.0017450013924271738,0.0002819025668362264,0.00609010129791003,0.006499156323826089,0.7755595886267392,1282,0.07997659962713558,0.4623728994969496,8
catherynnwoop,0.0239880059970015,0.01199400299850075,0.01199400299850075,0.24803397769402427,1.7937107003909163e-05,0.0006040157242512689,3.190822081862007e-05,1.1231858194641808e-06,1.1536680529851567e-06,0.7142857142857143,20,1.5204918088891419e-05,0.2292557741659538,2
thenewgirlsband,0.026986506746626684,0.014992503748125937,0.01199400299850075,0.2713225854874806,5.008979927158094e-06,0.0006189540213066585,5.290639660954502e-06,2.6500203449353185e-06,2.932664191103428e-06,0.7333333333333333,33,3.85381912286924e-05,0.2805355976485957,2
gulago,0.2338830584707646,0.1169415292353823,0.1169415292353823,0.32850777830400696,0.0012073834031437352,0.002944830023779321,0.001198696073763203,4.746041682304854e-05,4.7850707234862184e-05,0.5224775224775224,1569,0.0006333908701994953,0.341320252040428,2
mariannaabarrett,0.07646176911544228,0.041979010494752625,0.034482758620689655,0.3130745269742885,0.00023197130839791545,0.00111797336194471,0.00024033342252337392,0.0010175215666194,0.0011261011361316123,0.458128078817734,186,0.013730133294400112,0.1650578860321756,1
the_dino_den,0.12893553223388304,0.06146926536731634,0.06746626686656672,0.3693854430250938,0.00020170296814034545,0.0013085791077762131,0.00016980962574530777,0.005321186990750874,0.004821590281689551,0.8251207729468599,854,0.059129541655689864,0.4697931748509678,8
cassiegiles3,0.15592203898050974,0.07946026986506746,0.07646176911544228,0.28259345013776105,0.0005682376519812072,0.002654163549788226,0.0004367424776879859,5.734320921508382e-06,5.5840763405965574e-06,0.6356902356902356,944,7.463676418669498e-05,0.4479895478466855,3
kayla_nieto,0.13343328335832083,0.06746626686656672,0.06596701649175413,0.3013721565613133,0.0002747394570572897,0.0017485752537548156,0.00030103688932819363,2.3835930644162585e-05,2.4289012416649893e-05,0.5584541062801932,578,0.00031566857040067706,0.32836034830803046,2
adhuffedup,0.136431784107946,0.06746626686656672,0.06896551724137931,0.3650494484451458,0.000267123372709829,0.0014260970999387139,0.00024347078972814112,0.005091176365343917,0.005116965722806714,0.7763605442176871,913,0.06308154694305187,0.45335547671170834,8
pamelajguerra,0.017991004497751123,0.008995502248875561,0.008995502248875561,0.29957498315062653,3.1000340309143713e-05,0.0005457552980782836,6.424434755218136e-05,0.0003038398539607194,0.0003239812104232451,0.7333333333333333,11,0.0037608662954767714,0.1566265060240964,8
ellie.k.kim,0.01649175412293853,0.008995502248875561,0.0074962518740629685,0.3177973057266987,0.0029790454152043132,0.000660596833984794,0.0029815734822093544,0.0001991637382713142,0.00023654682831795407,0.3333333333333333,5,0.0026961664332491478,0.12985359643539146,0
trudytz,0.10344827586206896,0.050974512743628186,0.05247376311844078,0.3566758401247219,0.005111720817378958,0.0013262111343850858,0.0048569373477426216,0.0022515232592399447,0.0021215783818063086,0.47058823529411764,280,0.026384592727174163,0.2097913181297878,1
mira_beans,0.008995502248875561,0.004497751124437781,0.004497751124437781,0.2458860930980293,0.0,0.00040718082039005427,0.0,6.331976222275636e-07,6.379182936495515e-07,1.0,3,8.439556148099095e-06,0.2,2
duke.ia,0.01199400299850075,0.0074962518740629685,0.004497751124437781,0.30574600340279295,3.441742200934465e-05,0.00037423108648138395,3.766547310358248e-05,0.0002634713446245077,0.00028712870682025754,0.2,2,0.0034772192893972147,0.12142152023692004,0
queerbrunchcrew,0.01649175412293853,0.008995502248875561,0.0074962518740629685,0.28593409074797105,0.0002006924258746949,0.0006008722537731138,0.00046415361600481224,1.6373461406074457e-06,2.0164555870106925e-06,0.6666666666666666,10,2.6460869835218113e-05,0.20632279534109818,2
karla_nicol4320,0.10344827586206896,0.04947526236881559,0.05397301349325337,0.35843768565772,0.0010422586711054112,0.0012764815206992935,0.0010974846729546411,0.0024249161715770304,0.0022168143888064615,0.4095238095238095,258,0.027863581588232243,0.19942123004515677,1
saraevall,0.025487256371814093,0.014992503748125937,0.010494752623688156,0.3343950144743297,0.0011791242707323915,0.0006309427744095306,0.001478274520743018,0.0004357105280674543,0.0006248364068283596,0.26666666666666666,12,0.008008250226657534,0.1821002386634845,8
marlborotroll,0.10944527736131934,0.05547226386806597,0.05397301349325337,0.36423506038391845,0.0018385843267735202,0.0015545106892956293,0.0018586004261151325,0.0008013139937128686,0.0009719430562024084,0.5305832147937412,373,0.011824414410529989,0.21008125374738976,1
sam.4.samm,0.3313343328335832,0.1634182908545727,0.1679160419790105,0.39318089299721,0.09156783208381848,0.004483839949138266,0.08725382479187344,7.258088857121331e-05,7.17648299132246e-05,0.3599873577749684,2278,0.0009410552729388135,0.2525593434852015,2
haylo.333,0.13793103448275862,0.06896551724137931,0.06896551724137931,0.3250738990882856,0.0005383022278725745,0.0018620266745646848,0.0005272458053461256,3.330750580978045e-05,3.346378272520379e-05,0.6019323671497585,623,0.00044221585621258015,0.3560851902598495,2
tlwindows,0.22938530734632684,0.1199400299850075,0.10944527736131934,0.3859772241538805,0.0007967605320808208,0.002383947553142299,0.0007578320373272335,0.008188483921372934,0.00881586773283847,0.6990740740740741,2265,0.10850239738971851,0.43738066259477204,8
orgil.batzaya,0.019490254872563718,0.008995502248875561,0.010494752623688156,0.29807095539405104,5.741398611040102e-05,0.00045042560395905265,8.830872959119518e-05,0.0003560733743651789,0.0002095861442451855,0.3333333333333333,7,0.002567122362295442,0.12181565539601667,0
nickmanpickman,0.019490254872563718,0.0074962518740629685,0.01199400299850075,0.23068649356000206,0.000590420595147376,0.000885890965808635,0.0005494092204598952,3.0982590889741077e-06,1.4244292054300478e-06,0.6428571428571429,18,1.6425923697353434e-05,0.43714285714285717,6
cailin_b98,0.05997001499250375,0.029985007496251874,0.029985007496251874,0.3399653634921217,0.007902987483124816,0.00095461783548448,0.009380164801473759,0.0001447447216868137,0.0001430780858274699,0.6789473684210526,129,0.001804302362652363,0.31410683362195285,2
chibbs50,0.026986506746626684,0.013493253373313342,0.013493253373313342,0.24662895138533453,2.421863824180078e-06,0.000645124627152141,2.4569691136757167e-06,8.137440989679004e-07,7.11841568000805e-07,0.8222222222222222,37,9.48321540662358e-06,0.5607441154138193,3
zerotobrooklyn,0.013493253373313342,0.0074962518740629685,0.005997001499250375,0.28605933564098374,0.0,0.00039959323165179514,0.0,2.7120881313295476e-06,3.3346106312614705e-06,1.0,10,4.4093282684709604e-05,0.42776203966005666,2
aimee.mcvey,0.11544227886056971,0.06146926536731634,0.05397301349325337,0.34517624908475997,0.0009846359149531386,0.0016051696935855848,0.0010673356939081796,0.001636003375419716,0.001857211239504981,0.38658536585365855,317,0.023081642884731107,0.1561175135845226,1
ruopuj22,0.3748125937031484,0.1874062968515742,0.1874062968515742,0.39918915847699626,0.0068184988831794585,0.0037234828422687692,0.0064149988915900855,0.011121632240194303,0.011157428625995192,0.43961904761904763,3462,0.13757301428016783,0.3006215718522546,8
earlofcleveland,0.004497751124437781,0.0029985007496251873,0.0014992503748125937,0.2716611744044783,0.0,0.0003563000447519317,0.0,1.993175262273081e-05,2.2201556158745715e-05,1.0,1,0.00027361407900034943,0.1111111111111111,8
maddieckhardt,0.10944527736131934,0.05697151424287856,0.05247376311844078,0.3337115295188379,0.00016236075213381615,0.0012453756237467627,0.00018053975546251846,0.0038203291924617704,0.003992188728137431,0.7422402159244265,550,0.04916745158815519,0.40741443064378496,8
kristieskim,0.29535232383808097,0.14842578710644677,0.14692653673163417,0.4265665991302193,0.05563054712163537,0.003953569179086807,0.05708920555316096,0.0032716465268827076,0.003304531037067922,0.2698989898989899,1336,0.04094825440998268,0.13826417009887054,0
desibrown_,0.1829085457271364,0.09295352323838081,0.08995502248875561,0.350173438749794,0.002656315751278828,0.002437684033773431,0.0022593795859623092,4.8705136057284636e-05,4.996386816414204e-05,0.5705975674246431,1079,0.0006573468750906136,0.35197513585757334,2
adhuffie,0.29985007496251875,0.15292353823088456,0.14692653673163417,0.39484489919490073,0.004690327872583044,0.0031728932572405734,0.0043804500672664426,0.009723496745384632,0.010030653239989156,0.549971444888635,2889,0.12385277293652562,0.3590743731255878,8
jessk430,0.10044977511244378,0.04947526236881559,0.050974512743628186,0.35168199422098323,0.001360378216377135,0.0013617259889940265,0.0013369804485582957,0.0006855202662745984,0.0006671777737349347,0.5831932773109244,347,0.008417440100325645,0.2554231329846523,0
lauloriquer,0.01199400299850075,0.005997001499250375,0.005997001499250375,0.2667783755181233,0.0021667640415253923,0.0012978044409213336,0.002243896531001224,1.7763621990642371e-06,1.7584066038406189e-06,0.6666666666666666,4,2.1799907430206903e-05,0.19444444444444445,9
hunterhutch,0.0704647676161919,0.037481259370314844,0.03298350824587706,0.3733982065570988,0.02702310343866,0.0011745917581396051,0.028796387303414925,0.00016127923323714483,0.00018593401828183678,0.38666666666666666,116,0.002297674692377351,0.1762121449866625,2
maddymcknight,0.10194902548725637,0.050974512743628186,0.050974512743628186,0.3634242978677606,0.005496431452713364,0.001467676317004869,0.0069950942108067135,0.00090247414728175,0.0008814638744397623,0.5647058823529412,336,0.010920883576307747,0.2292236093669203,1
yujiasun31,0.0,0.0,0.0,0.0,0.0,0.00022694046507459848,0.0,-0.0,-0.0,0.0,0,2.3476571375243024e-59,0.0,11
_danapark,0.1169415292353823,0.05847076461769115,0.05847076461769115,0.3716980439774421,0.001364616020398797,0.0015196001823790817,0.0014448633182922548,0.0016682325671925327,0.0016747007428100646,0.4205128205128205,328,0.020620852140188804,0.16171430190068833,1
masonacl,0.035982008995502246,0.017991004497751123,0.017991004497751123,0.3151898953997904,0.0016264932094892219,0.0008353444244903204,0.0016033166977697255,7.244164657996949e-06,7.321369724053324e-06,0.6515151515151515,43,9.073121867673776e-05,0.2884795504214799,3
rachelsigaccount,0.12743628185907047,0.06596701649175413,0.06146926536731634,0.30333184545674213,0.0007871104773954091,0.001814281736748299,0.0007843447838947151,1.5673306072375917e-05,1.6206454673165868e-05,0.4868686868686869,482,0.0002093900776988034,0.2737799397239994,2
car0linebutler,0.07496251874062969,0.037481259370314844,0.037481259370314844,0.33961178537096504,0.00046150009373808386,0.001136633052527197,0.000350412929410071,3.7008446373205185e-05,3.549511104634354e-05,0.7066666666666667,212,0.00047607334808732316,0.37433847748047816,2
andrewmoak18,0.017991004497751123,0.008995502248875561,0.008995502248875561,0.3095134897006473,1.7652170066990988e-06,0.00038697570197065024,2.1152813198047393e-06,0.0007237860583614782,0.0007282078894898826,0.6666666666666666,10,0.008971183976970575,0.485447556287754,8
ec__davis,0.20689655172413793,0.10494752623688156,0.10194902548725637,0.432498982296931,0.136572938921576,0.004567736469636208,0.12277712172196857,0.0009627497547560642,0.0009716432449656549,0.17929606625258798,433,0.012073414659899567,0.10196501253403056,2
reb_dav,0.16041979010494753,0.06146926536731634,0.09895052473763118,0.31247534127673005,0.0008324675102372625,0.001660414749854065,0.0009959890662092489,3.00881630515896e-05,2.0681087914696784e-05,0.5044289044289044,1082,0.0002730818482029101,0.3062599914892638,2
jessie.yc.ou,0.12443778110944527,0.05997001499250375,0.06446776611694152,0.3318462719859583,0.0008397745976843783,0.0016456767814737932,0.0009352894488481159,0.0006690089335742752,0.0006177982314247869,0.5880398671096345,531,0.007706771418518262,0.3063457330415755,0
elisekohl13,0.10344827586206896,0.050974512743628186,0.05247376311844078,0.2800486549178241,0.00017695617268786065,0.0018341487169290735,0.00015894837936761795,6.544212626344197e-06,6.408434358715592e-06,0.6770981507823614,476,8.239609145580566e-05,0.4374577924514144,3
a_global_globule,0.3313343328335832,0.1649175412293853,0.1664167916041979,0.39845848887636715,0.0037841278985234613,0.003300082359896822,0.0036479080132645284,0.010691320214618003,0.010636167120078492,0.5180180180180181,3220,0.13138708993961762,0.3484076948564047,8
alex_weckingball,0.2893553223388306,0.1394302848575712,0.14992503748125938,0.3953229196539745,0.00485985667620778,0.002881219162570158,0.004661611742186529,0.009314206409590851,0.008935111593069261,0.49757575757575756,2463,0.10947286864405177,0.30910139884648635,8
zachsgawne,0.025487256371814093,0.01199400299850075,0.013493253373313342,0.3051745155459653,2.8718606929501483e-06,0.001040867019156218,2.900558872572866e-06,5.3478810130561826e-06,5.593446360465146e-06,0.9444444444444444,34,6.606224495806183e-05,0.4262023217247098,10
cassiel_storm.2019,0.041979010494752625,0.019490254872563718,0.022488755622188904,0.27684335026213047,0.00012918183132760433,0.0008275843171460772,0.00016328519622494183,2.9799916197366316e-06,3.050596440002692e-06,0.638095238095238,67,3.586768230263699e-05,0.35470455726910416,3
tiffiniez,0.0,0.0,0.0,0.0,0.0,0.00022694046507459848,0.0,-0.0,-0.0,0.0,0,2.3476571375243024e-59,0.0,12
emndms,0.1394302848575712,0.0704647676161919,0.06896551724137931,0.3151898953997904,0.0029425997383209835,0.002002960759900306,0.002996532298574072,2.426630191523146e-05,2.4669693918379643e-05,0.4838112858464385,523,0.0003304483828645452,0.30502666515375015,2
sjg452,0.11244377811094453,0.050974512743628186,0.06146926536731634,0.39556236418435237,0.004750633238470473,0.0013196981723823588,0.004327547152181024,0.002744493608842161,0.002220331206240416,0.3635307781649245,313,0.026822114375767484,0.18238295286685594,8
josie3coffee,0.05697151424287856,0.026986506746626684,0.029985007496251874,0.3171799238797309,0.002255624563288039,0.0011434470376893492,0.0022875606520540675,8.119478642554866e-06,7.999738255609385e-06,0.5428571428571428,114,9.977815571175688e-05,0.31580313121702275,3
sydneycolee,0.10644677661169415,0.05697151424287856,0.04947526236881559,0.2807710504163224,7.915524207716689e-05,0.001951854993678581,8.715713108941744e-05,2.71171685174168e-06,4.7834231713767095e-06,0.7653846153846153,597,6.216622918008213e-05,0.5199441114165954,3
moodswing.exp,0.037481259370314844,0.026986506746626684,0.010494752623688156,0.3483058470764617,0.0038186918492027918,0.0010487916580455454,0.0044714376040995134,5.126373567313805e-05,0.00019014578982001288,0.49673202614379086,76,0.0023601345158310067,0.22922090927298217,0
rachel_dveirin,0.1394302848575712,0.0704647676161919,0.06896551724137931,0.3691766327124736,0.0011493066404789406,0.0016703201229765474,0.0012502997182593902,0.004640055242642068,0.004627258993279752,0.5642923219241444,610,0.05753392056490254,0.33669623148214556,8
pknlove,0.06746626686656672,0.031484257871064465,0.035982008995502246,0.30819889724793104,2.720774341560004e-05,0.000936337343561778,2.336139037884617e-05,1.8553728127322382e-05,1.6895319879339932e-05,0.7572463768115942,209,0.00022371520719442685,0.4321852970795569,2
leah.schwartz,0.10494752623688156,0.05547226386806597,0.04947526236881559,0.33802974289252885,0.0004096174673414836,0.001336296743245612,0.0004958755733918308,0.0023347895756939594,0.0028096513359037916,0.5092460881934566,358,0.03452884653903815,0.24129280017939986,1
indaskywdiamonds,0.10644677661169415,0.05247376311844078,0.05397301349325337,0.32950225190129456,0.0004870868984993904,0.0013835755088653905,0.000559051572353798,0.0007976373205162608,0.0007889673811323913,0.626984126984127,395,0.009875003743621831,0.28100819895573403,0
gracialufreebush,0.15742128935532235,0.07946026986506746,0.07796101949025487,0.2846876474578753,0.0015377765993509584,0.0025306149706460553,0.0015267311176240083,7.224053331592554e-06,5.758771740346782e-06,0.5399129172714079,744,9.251158105271772e-05,0.38082576360863285,3
schuchschuch22,0.019490254872563718,0.008995502248875561,0.010494752623688156,0.245978705562473,2.0474788816232234e-06,0.0005097889857843581,2.1475308647898827e-06,5.027932938848699e-07,4.319698290363251e-07,0.8095238095238095,17,5.237458985348039e-06,0.37018756169792694,3
haileyprevett,0.21889055472263869,0.11244377811094453,0.10644677661169415,0.36221489920597105,0.003401871424432799,0.0025056877832588154,0.0035163138622007757,0.0056237926858079676,0.0060664508303312995,0.41148325358851673,1204,0.07438507965157441,0.2528320841760188,8
salinas.asael,0.19790104947526235,0.09895052473763118,0.09895052473763118,0.3555108673208306,0.0022617195493076477,0.0024485675051514016,0.002303621256351214,0.0011692801326630361,0.0011819855532391606,0.4797202797202797,1029,0.014592746102362669,0.25634641305975736,0
boysinberlin,0.02848575712143928,0.013493253373313342,0.014992503748125937,0.3001256724578887,5.629283370452744e-06,0.0005661778536744041,6.5071304986199165e-06,0.00023430403803107513,0.0002202119797033795,0.8888888888888888,40,0.002566077060284038,0.24515295131408876,1
matt.feder,0.05397301349325337,0.02848575712143928,0.025487256371814093,0.3038964463789511,0.00021129036649329537,0.0009037476869415038,0.0002336373785747379,0.00040072794520766287,0.00044592992027997524,0.3742690058479532,64,0.0053743369468292135,0.1377701609064077,1
leon_thedawg,0.1169415292353823,0.046476761619190406,0.0704647676161919,0.32330369468730985,0.00014051436913213415,0.0010615496261608638,0.00014278832398391666,0.005117366804954208,0.0034768373967532734,0.727104532839963,786,0.04262995086841617,0.4204054075776817,8
lgreenwald47,0.08545727136431784,0.046476761619190406,0.038980509745127435,0.3545458541087762,0.007899303076551744,0.0012613522440604007,0.009061176731736047,0.0006827941536289238,0.0010091800947355104,0.3763440860215054,175,0.012261027391764765,0.15969472657370745,1
pratiksha.shrma,0.07946026986506746,0.03298350824587706,0.046476761619190406,0.31247534127673005,0.00042243191635111713,0.001119919696733404,0.0005596896567898042,0.0002482949143146814,0.00018343852440671715,0.6537634408602151,304,0.002396704128948851,0.3728673431040962,0
abbeybasile,0.07346326836581708,0.035982008995502246,0.037481259370314844,0.27684335026213047,6.426439577868681e-05,0.0010566363167352692,7.192236510476037e-05,8.86712772505912e-06,8.78947589735087e-06,0.5966666666666667,179,0.00011332314297948262,0.31420975902581255,2
worldthe2joy,0.13193403298350825,0.06146926536731634,0.0704647676161919,0.3604158185807758,0.002170944045198575,0.0016601233881394918,0.0021202503883300506,0.0006316044890356703,0.0005771959858719895,0.5328399629972248,576,0.007373682951978743,0.2808803443032755,0
its_knott_zach,0.025487256371814093,0.01199400299850075,0.013493253373313342,0.2977991168574399,6.090509423493131e-05,0.00053646180075076,8.064045398130823e-05,0.0003151407357831843,0.00024735127607798424,0.2222222222222222,8,0.0029762465481259093,0.08598726114649681,1
lizlawsonk,0.24287856071964017,0.12143928035982009,0.12143928035982009,0.35473843740812916,0.005246789721297622,0.00307306141712428,0.004573222346247188,5.578554830405098e-05,5.62095765429118e-05,0.4722222222222222,1530,0.0007342724659757074,0.30197897722018435,2
kaidesolano_,0.1679160419790105,0.08845577211394302,0.07946026986506746,0.3174883146661963,0.0005071428581816342,0.002259787360142149,0.0005163396557812426,3.206364596015332e-05,3.1786655240400685e-05,0.5645821157218002,966,0.00044619774779541967,0.3452139476480247,2
mermcv,0.08095952023988005,0.04047976011994003,0.04047976011994003,0.2492646806367808,3.496231159691912e-05,0.0014979216600413893,3.531227902279418e-05,2.134576867289173e-06,1.933316592714074e-06,0.7931034482758621,345,2.753946032306436e-05,0.5345567010309278,3
nickmandalari,0.10194902548725637,0.05247376311844078,0.04947526236881559,0.2802890400293416,0.0002032674948089882,0.0018598932533663555,0.0001537067186305714,6.299206914671623e-06,6.209906688701533e-06,0.7435897435897436,551,8.058602692196481e-05,0.5022437495548115,3
sydney_gurley,0.11244377811094453,0.06896551724137931,0.043478260869565216,0.28174006180688776,0.00044832263402168137,0.002256269717078125,0.00036055406021610155,4.051277505532274e-06,5.023691793662586e-06,0.6578014184397163,742,6.601253950458283e-05,0.46283085111499433,3
cparrott482,0.16941529235382308,0.07346326836581708,0.095952023988006,0.34812018297887304,0.00014093485924572161,0.0014951003763667742,0.00014210193175751655,0.007303120410424214,0.005761170604547833,0.7668650793650794,1546,0.07035543653313195,0.4758743241372844,8
lordhavemorcy,0.10494752623688156,0.05547226386806597,0.04947526236881559,0.4033807679236355,0.0050049725815387545,0.0015112396359091757,0.004528221419086667,0.0018612267316241592,0.0021978884838566755,0.3258258258258258,217,0.026842182943982256,0.15360101975780752,8
sophi_cudworth,0.15442278860569714,0.07346326836581708,0.08095952023988005,0.2841921076015517,0.0013397560053630929,0.002401122946464064,0.0012647379698527063,9.26658794923094e-06,7.344960942653295e-06,0.560942760942761,833,0.00011237821315587189,0.3978244358968077,3
zhenni_7,0.08095952023988005,0.037481259370314844,0.043478260869565216,0.32250541395968685,0.00020968032974445048,0.0010667653376749955,0.0002723905757302229,0.0004064594247276762,0.00034932957642771616,0.8251231527093597,335,0.004295855369280601,0.4300558422280342,0
npopowics,0.1454272863568216,0.07496251874062969,0.0704647676161919,0.35843768565772,0.0015643704466388989,0.0018658502294150267,0.0017056258111209494,0.0009836956237952047,0.0010266546460042472,0.548265460030166,727,0.012804711554827897,0.2703141225337487,0
heathergrune,0.05547226386806597,0.026986506746626684,0.02848575712143928,0.30747338195309126,0.00015933306343581934,0.0008331074312306254,0.0001900389887360452,0.0004688540090443779,0.0004701051803834422,0.45614035087719296,78,0.005609725190417688,0.1571279916753382,1
akek_,0.2353823088455772,0.1184407796101949,0.1169415292353823,0.39129626319254995,0.005488741011544007,0.0027862947752942836,0.005418082325341173,0.004791760132196588,0.004643251988168911,0.33247274813539873,1159,0.056828040502650466,0.18082441220007053,1
andreairomero,0.01199400299850075,0.005997001499250375,0.005997001499250375,0.2494551043805828,0.0032192514363214497,0.0011089130679419472,0.003408240283276621,4.912938750799204e-07,4.6876050738902917e-07,0.5,3,6.5541652529003905e-06,0.02304147465437788,9
pat_hong,0.1199400299850075,0.05997001499250375,0.05997001499250375,0.34774944795972623,0.0013664874460042743,0.0015960763197666536,0.0015192636497731267,0.0017985490919586581,0.0017804827515803486,0.3628205128205128,283,0.022289926090135664,0.14955805864896773,1
drrrtydishes,0.20239880059970014,0.09895052473763118,0.10344827586206896,0.3513036381217675,0.0026964776021039458,0.0025407562814490038,0.0022615744633156967,5.5091467884199265e-05,5.3682892099545953e-05,0.5581780538302278,1348,0.0007031992400153501,0.34151577556729873,2
allisonjames017,0.11244377811094453,0.05697151424287856,0.05547226386806597,0.36221489920597105,0.0004569888281439168,0.0012971155352810568,0.00046680670642786293,0.0036403653305608287,0.0037688666090253953,0.5357624831309041,397,0.0463153212239489,0.31988308749104394,8
scoobysnackdaph,0.24887556221889054,0.12443778110944527,0.12443778110944527,0.32817761973284715,0.002201053493609536,0.003100285608666155,0.0021903553501889357,4.5476359434445e-05,4.600078103259922e-05,0.46012621916236374,1604,0.0006047455468098014,0.3049875613232261,2
cwsayshaii,0.1934032983508246,0.095952023988006,0.09745127436281859,0.3488640295236997,0.001955683510200696,0.002373426402618144,0.002076795666750355,0.0007661168148845603,0.0007882628110787806,0.48508098891730606,1138,0.009854840150377926,0.28323794258886487,0
melanie_warren,0.11394302848575712,0.05247376311844078,0.06146926536731634,0.2800486549178241,0.00040684683836636704,0.0016210478519525198,0.00034175263361810776,4.882181887007696e-06,4.264268362914614e-06,0.6677740863787376,603,5.401082989694749e-05,0.4597247157390784,3
scopio91_,0.2143928035982009,0.10944527736131934,0.10494752623688156,0.3210783988536705,0.0010610804757758498,0.002753860899162772,0.0011326335292766133,3.834857672632899e-05,3.754860633641119e-05,0.5286930766382821,1428,0.000520806778859709,0.33205144850001567,2
rueypapito,0.06896551724137931,0.03298350824587706,0.035982008995502246,0.2991632905489537,9.602186730876305e-05,0.001002443311583796,0.00011506117380125499,1.411285468473231e-05,1.5595455495277678e-05,0.6566666666666666,197,0.00020673443318126907,0.3723039534782797,2
booneholliday,0.035982008995502246,0.017991004497751123,0.017991004497751123,0.32218720437511883,0.0002029410681198238,0.0006471232896414064,0.0002558441273428045,0.0006378095855028388,0.0006289875687544715,0.3333333333333333,22,0.0079141063637609,0.15679574791192102,1
eets.san,0.08695652173913043,0.041979010494752625,0.04497751124437781,0.3181068988155703,0.0001638664183248441,0.001139202920676821,0.00019502783835178184,0.0003680973103600259,0.0003537812544707992,0.664367816091954,289,0.004526527561658093,0.3504044843620613,0
kenzfitzpatrick,0.10794602698650674,0.05397301349325337,0.05397301349325337,0.3606148333894897,0.0005901789684963425,0.0014889254930711628,0.0006426140291581695,0.001293153187149597,0.0012814314938705395,0.5476190476190477,345,0.015951967055615072,0.21440329218106996,1
cheesedoodle.lilwingwongwang,0.008995502248875561,0.004497751124437781,0.004497751124437781,0.2906423957580622,0.0,0.0003088517106650478,0.0,0.00039878198451390575,0.0003963445629130327,1.0,3,0.004941839440323419,0.5935828877005348,8
samuelsrabinowitz,0.27436281859070466,0.13493253373313344,0.1394302848575712,0.39580209895052476,0.003178090591546005,0.002771771029252385,0.0034642613187308444,0.009170878243801478,0.009075893894822894,0.5458006718924971,2437,0.1118482759576809,0.35538403011788966,8
you_are_aurorable,0.24587706146926536,0.12743628185907047,0.1184407796101949,0.3568707449553912,0.006640178265185843,0.0033019716714427316,0.0063282911664768095,5.9782914867996475e-05,5.949373772335205e-05,0.4394790602655771,1721,0.0007892056951742718,0.2900281261289157,2
elizabethdavismusic,0.005997001499250375,0.0029985007496251873,0.0029985007496251873,0.30123314726400635,0.0,0.0004942877167907931,0.0,1.3847332215980145e-05,1.380399514034684e-05,1.0,1,0.00017305312517268008,0.0,2
hannahballock,0.05547226386806597,0.026986506746626684,0.02848575712143928,0.3132246826227174,0.00017463419345025273,0.0008428062500080396,0.00019524043637200562,0.0005676754680970661,0.0005522364262004169,0.6257309941520468,107,0.006888629354728555,0.18464570302459088,1
nickhibshman,0.31334332833583206,0.15892053973013492,0.15442278860569714,0.38102302407722627,0.0035423515862044253,0.0032075009163070236,0.0037025259395545157,0.009547248570211718,0.00986460927029372,0.4818276220145379,2784,0.12124883231875283,0.32006134878657155,8
b.m.weiss,0.14392803598200898,0.07346326836581708,0.0704647676161919,0.34103052912186205,0.0001773300100078958,0.0015518137204402862,0.0001837305075394843,0.005268239745630267,0.005336256455890601,0.7772108843537415,914,0.06587013132839616,0.46348520013989125,8
